text,intent,label_id
can you tell me if there are limits to disposable virtual cards?,disposable_card_limits,17
can apple pay handle top up exchanges?,apple_pay_or_google_pay,2
where can i find the auto-top up option?,automatic_top_up,3
"this is urgent, i typed the wrong payment information for a payment i needed to make and have clicked send, i need to reverse the transaction immediately.",cancel_transfer,5
why isn't my google top-up pay working?,apple_pay_or_google_pay,2
what's the reason my new card hasn't come?,card_arrival,7
"i topped up and went to buy something, but it says that my funds are pending. is there a way to quicken this process?",pending_top_up,28
can i freeze my card right now?,compromised_card,13
"a transfer i sent was received in less than the full amount i originally sent, and now i have to send additional funds to cover the full amount. what happened?",transfer_fee_charged,39
i am from x but am traveling to y - how do i get currency for y?,exchange_via_app,19
i got charged twice for the same payment. please removed the pending payment. thank you.,transaction_charged_twice,38
please explain how i use the disposable cards?,get_disposable_virtual_card,22
i requested a refund from next because the dress i purchased had three arm holes. they said they sent the refund last wednesday which is nearly a week ago and i still don't have it. why not?,Refund_not_showing_up,0
i think i was charged a different exchange rate than what was posted at the time.,wrong_exchange_rate_for_cash_withdrawal,44
what steps do i take to unblock my pin?,pin_blocked,29
what is the most money i can top up?,top_up_limits,35
my beneficiary didn't receive my transfer,beneficiary_not_allowed,4
"when i went to 100, all the machine would give me was 20.",wrong_amount_of_cash_received,43
i accidentally made a payment to a wrong account. what should i do?,cancel_transfer,5
the atm wouldn't let me withdraw cash.,declined_cash_withdrawal,16
"for adding money, which currencies do you accept?",supported_cards_and_currencies,31
what's the minimum age for opening an account?,age_limit,1
can i change or hold different currency?,fiat_currency_support,21
show me how to change my pin?,change_pin,12
"your service is terrible,. delete my account,",terminate_account,32
why am i unable to withdraw my money through this card?,declined_cash_withdrawal,16
i made a cash withdrawal at an atm but it still says pending in my account.,pending_cash_withdrawal,27
"i made a transfer and the receiver said an amount was received, but less than the right amount. i now have to transfer more to get the remainder to the receiver. can you tell me about this. what's been going on?",transfer_fee_charged,39
what other credit cards can i use?,supported_cards_and_currencies,31
"my account shows i have been charged twice for the same meal. how do i get the second payment voided and returned to me? i do not eat out much and my family is living paycheck to paycheck, mostly. i cannot afford to spend more money than necessary, as is, so i must see to it that the cost be promptly credited back onto my card.",transaction_charged_twice,38
what do i do if the atm didn't give me the correct amount i withdrew? i pulled out 30 pounds and the atm gave me 10 pounds.,wrong_amount_of_cash_received,43
what should i do if i think someone stole my details and used my information to make some transactions?,compromised_card,13
how can i add money automatically?,automatic_top_up,3
why did my top up get reverted?,top_up_reverted,36
my refund is still pending,Refund_not_showing_up,0
"hearing back from us regarding your important verification results may take 10 minutes to one hour time. if verification results do fail, double-check to make sure all of your images are clear -- make sure your photos have no glare or blurring. note these photos need to be readable as well. you also need to be 18 years of age or older. you must be a resident of switzerland or the european economic area to open a new account.",unable_to_verify_identity,41
"i am a new customer, and i happened to look at my app and there is a charge i am not familiar with. could you tell me why the extra charge is there?",extra_charge_on_statement,20
how long will delivery to the us take?,card_delivery_estimate,8
"i got my american express in apple pay, why is top up not working on my device?",apple_pay_or_google_pay,2
i'm upset because i got charged a ridiculous fee when making an atm withdrawal over a holiday weekend. it didn't notify me beforehand either or i wouldn't have ever done it.,wrong_exchange_rate_for_cash_withdrawal,44
why isn't my top-up going through?,pending_top_up,28
"i made an international purchase, but the exchange rate was wrong",card_payment_wrong_exchange_rate,10
there is a cash withdrawal on my statement that i did not make,cash_withdrawal_not_recognised,11
why don't you accept american express for adding money to my account,supported_cards_and_currencies,31
do i need to go to a physical bank to change my pin?,change_pin,12
why do i have a transaction showing up more than once?,transaction_charged_twice,38
why do you keep declining my payment?i tried several times with this card and it is just not working.,declined_card_payment,15
how do i initiated a bank transfer to top up?,transfer_into_account,40
i keep checking my statements but nothing shows up.i requested a refund a long time ago but seems like it's not submitting my account for some reason. can you please help me get the money back from the seller for me,Refund_not_showing_up,0
is there a reason my payments are pending?,pending_card_payment,26
what steps do i do to get a real card,order_physical_card,24
can i open an account for a child?,age_limit,1
i just initiated a transfer but i'd like to cancel it.,cancel_transfer,5
"if my cash withdrawal is still not showing, is something wrong?",pending_cash_withdrawal,27
why can't i see my top up?,topping_up_by_card,37
can i have it delivered on a specific date?,card_delivery_estimate,8
"hey, i tried to withdraw some cash earlier and it's saying it's pending? will i be charged for this?",pending_cash_withdrawal,27
when will my card payment be done pending?,pending_card_payment,26
what is the exchange rate for foreign atms,wrong_exchange_rate_for_cash_withdrawal,44
where are my funds? i topped off my car but it didn't seem to complete.,pending_top_up,28
i need my card to be delivered fast,card_delivery_estimate,8
why was a extra fee added to my account for transfer ?,transfer_fee_charged,39
how long does it take for something to be delivered to the u.s?,card_delivery_estimate,8
how do i add money from my amex card to top up,supported_cards_and_currencies,31
i tried to get funds in hard cash but it was rejected!,declined_cash_withdrawal,16
why is my beneficiary being denies?,beneficiary_not_allowed,4
what can you do to unblock my pin?,pin_blocked,29
how do i change the details in my account?,edit_personal_details,18
help me create several temp cards every day.,disposable_card_limits,17
how do i get a new expiration date?,card_about_to_expire,6
how do i reset my pin?,pin_blocked,29
i have a new card. how do i top it up?,topping_up_by_card,37
"how do i freeze my bank card, as there has been a strange withdrawal?",cash_withdrawal_not_recognised,11
"there is a pending payment on my account, what does this mean?",pending_card_payment,26
i tried using my atm card at your notting hill location today. it did not work. am i doing something wrong?,declined_cash_withdrawal,16
please help me with my card. as i have tried to use my card in two different atms but repeatedly it was declining by atm.,declined_cash_withdrawal,16
while on vacation i used an atm to get cash and was overcharged. these charges are ridiculous and had i known about them i would have never used it.,wrong_exchange_rate_for_cash_withdrawal,44
how can i lookup the source for my available money?,verify_source_of_funds,42
i broke my card,card_not_working,9
i'm at the atm right now and it only allowed me to withdraw 10 pounds instead of my requested 30. what's going on? how can i fix this?,wrong_amount_of_cash_received,43
"when considering currency holdings and exchanges, what fiat currencies are supported?",fiat_currency_support,21
would i be able to top up as much as i can?,top_up_limits,35
can i send a cheque to do my top ups?,top_up_by_cash_or_cheque,33
does this app allow currencies to be exchanged?,exchange_via_app,19
is it possible for me to set up separate accounts for my kids?,age_limit,1
can i find the origination of my funds?,verify_source_of_funds,42
my card doesn't work when i use it.,card_not_working,9
my identity verification is not working.,unable_to_verify_identity,41
there is a pending 1 charge on my statement. i haven't purchased anything for 1. why is it on my statement?,extra_charge_on_statement,20
"i was just shopping and my payment was declined in a store! it was very embarrassing, what is going on and when will it be fixed?",declined_card_payment,15
can you get me my card fast?,card_delivery_estimate,8
i can't verify identity through the app.,unable_to_verify_identity,41
where would i find top up by cash deposit?,top_up_by_cash_or_cheque,33
i moved. where do i update my details?,edit_personal_details,18
what is the difference between standard and express delivery?,card_delivery_estimate,8
how can receive a physical card,order_physical_card,24
my cash received does not match what has been requested,wrong_amount_of_cash_received,43
"my card has an expiration date, will you send a new one automatically?",card_about_to_expire,6
my actual card isn't functioning.,card_not_working,9
why are my payments showing pending?,pending_card_payment,26
what is the refund policy?,request_refund,30
"something is wrong with the top up! i'm a regular customer and use your service all the time, usually this works but now it just shows up as pending",pending_top_up,28
what is a pending cash withdrawal?,pending_cash_withdrawal,27
can i be topped up once i hit a certain balance?,automatic_top_up,3
"i tried to make a top-up and it was canceled, why is that?",top_up_reverted,36
i need to update my personal details,edit_personal_details,18
i thought you guys offered free transfers. why was i charged?,transfer_fee_charged,39
why isnt my cash withdrawal showing,pending_cash_withdrawal,27
"i got my american express in apple pay, why is top up not working in my country?",apple_pay_or_google_pay,2
why was my top-up declined?,top_up_reverted,36
what do i do when i get close to the expiration date of my card?,card_about_to_expire,6
"i tried topping up using my card, but the money is gone?",topping_up_by_card,37
"using your app, would i be able to exchange between usd and gbp?",exchange_via_app,19
i'm still waiting on my identity verification.,unable_to_verify_identity,41
please tell me how disposable virtual cards work?,get_disposable_virtual_card,22
what are the age limits for your service?,age_limit,1
i am trying to complete a transfer but i keep getting an error message.,beneficiary_not_allowed,4
can i get a card that works in other countries like africa and indonesia?,country_support,14
i took out money from the atm and it's still showing as pending?,pending_cash_withdrawal,27
why are there additional fees for transfers?,transfer_fee_charged,39
"hi, i don't think your exchange rate is right. i need you to check the official interbank exchange please.",card_payment_wrong_exchange_rate,10
i think my card has been used by somebody else since i was never in the little town where some transactions on this bill have come from. please stop this right away.,compromised_card,13
can someone help me unblock my pin?,pin_blocked,29
what kind of cash machines would allow me to change my pin?,change_pin,12
my account needs to be deleted.,terminate_account,32
can i see my available money?,verify_source_of_funds,42
i still don't have a card. how do i get one?,order_physical_card,24
the wrong account was used during a transaction.,cancel_transfer,5
are refunds allowed for certain items.,request_refund,30
my card was frozen due to putting in the wrong pin too much. how many tries do i have,declined_cash_withdrawal,16
my card don't work.,card_not_working,9
"help! i think someone has a copy of my card - i still have my card, but a five hundred pound cash withdrawal that i didn't authorize is shown on my account.",cash_withdrawal_not_recognised,11
how do i go about ordering a card?,order_physical_card,24
how can we correct a mistake on an atm transaction? the app shows what i should have gotten.,wrong_amount_of_cash_received,43
i am not in the uk can i get a card?,country_support,14
can i get a card if i live in the us?,country_support,14
i tried topping up for the first time today since i am a new customer. it doesn't appear that it's working. it has been pending for at least half an hour. please take care of this.,pending_top_up,28
i have zero dollars in my account. can i submit additional funds via bank transfer?,transfer_into_account,40
how do i discontinue my account?,terminate_account,32
i made a card payment but it didn't work. why not?,declined_card_payment,15
how old do you need to be to have an account?,age_limit,1
is my pin recorded anywhere?,get_physical_card,23
can i use google play as my primary app to top up?,apple_pay_or_google_pay,2
"i am getting an error stating my transfer is not possible while transferring money. let me know the issue as its the first time i am getting error, earlier it used to work.",beneficiary_not_allowed,4
i need to move money from one of my other accounts to this one.,transfer_into_account,40
what are these disposable cards meant for?,get_disposable_virtual_card,22
is it possible to track the card you sent me?,card_arrival,7
how do i top up? can i use my apple watch?,apple_pay_or_google_pay,2
"i may need to exchange my usd for gbp, can your app do that?",exchange_via_app,19
do you accept all cards and currencies?,supported_cards_and_currencies,31
someone may have made an error in figuring out the rate of exchange. i should have received more cash than i did on my most recent withdrawal.,wrong_exchange_rate_for_cash_withdrawal,44
i can't verify my id. why?,unable_to_verify_identity,41
"i'm waiting on a top-up, its still pending",pending_top_up,28
can topping up be automatic?,automatic_top_up,3
i was charged multiple times for one purchase,transaction_charged_twice,38
where can i find instructions to change my pin?,change_pin,12
my top-up seems to be pending for a long time?,pending_top_up,28
how do i set up my apple pay watch to connect to my account,apple_pay_or_google_pay,2
i accidentally put in the wrong pin too many times and now i need to unblock it. can you assist with this?,pin_blocked,29
how do i change to a different currency?,exchange_via_app,19
why was i charged 1 in a transaction?,extra_charge_on_statement,20
my credit card did not go through. can you see if it has insufficient funds?,top_up_failed,34
why did my credit card get declined for top up?,top_up_failed,34
"card payment is still pending, why is that the case?",pending_card_payment,26
tell me how to cancel a transfer.,cancel_transfer,5
the exchange rate is incorrect for my cash withdrawal transaction.,wrong_exchange_rate_for_cash_withdrawal,44
how do i receive a disposable virtual card?,get_disposable_virtual_card,22
"i see a transfer fee, but to my understand, that should have been free, what happened?",transfer_fee_charged,39
what do i do if my google pay top up isn't working?,apple_pay_or_google_pay,2
card delivery services? where?,order_physical_card,24
why couldn't i transfer funds to my beneficiary?,beneficiary_not_allowed,4
my identity can't be verified for some reason,unable_to_verify_identity,41
what is the limit to disposable cards you can have?,disposable_card_limits,17
how did my top-up fail?,top_up_failed,34
i made an online purchase and the order has not shown up. give me my money back.,request_refund,30
i know there's an auto-top option but i can not locate it when i look?,automatic_top_up,3
"when traveling, is it possible for it to add money at specific time intervals?",automatic_top_up,3
which countries are you available in?,country_support,14
i need my purchase cancelled.,request_refund,30
i can't prove my identity.,unable_to_verify_identity,41
"my son has just turned 13, is he old enough for an account?",age_limit,1
i was charged the wing amount for an item.,card_payment_wrong_exchange_rate,10
can you tell me why i can't make any transactions?,card_not_working,9
"i need assistance finding out why i am unable to top-up my card, it keeps getting refused. it is extremely imperative i get this resolved quickly.",top_up_failed,34
i made a purchase recently but i have decided that i'm not buying it and i need to receive my money back. can you please give me a refund asap. it's extremely urgent.,request_refund,30
please tell me why the same transaction is showing up on my account more than once.,transaction_charged_twice,38
how can i tell the source for my available funds?,verify_source_of_funds,42
why hasnt my top up gone through yet?? i thought it was suppose to be instant? am i wrong? why is it still pending?,pending_top_up,28
i think the currency exchange that's been applied is wrong.,card_payment_wrong_exchange_rate,10
i entered the wrong pin too many times and now i think it's blocked. what do i do?,pin_blocked,29
if i am running low on credit can i auto top up?,automatic_top_up,3
my identity has been stolen. i still have my physical card but there are charges i didn't make on my account. how do i cancel this card or dispute the charges?,cash_withdrawal_not_recognised,11
your exchange rate is totally wrong for my card payment,card_payment_wrong_exchange_rate,10
what countries are you supporting?,country_support,14
where do i order a card?,order_physical_card,24
when will my card come? i need it as soon as possible!,card_delivery_estimate,8
how do i stop fraud to my card?,compromised_card,13
i tried to transfer money to a receiver and they didn't get the right amount. what is going on and who do i contact to help me?,transfer_fee_charged,39
can i use this app to exchange currencies?,exchange_via_app,19
what do the disposable cards do?,get_disposable_virtual_card,22
can i verify the source of my funds?,verify_source_of_funds,42
my account is new why can i not top up,pending_top_up,28
what is the limit to number of transactions i can do with a disposable card?,disposable_card_limits,17
"my withdrawal is pending, why?",pending_cash_withdrawal,27
i am having problems with my physical card.,card_not_working,9
i have been charged two times for one transaction.,transaction_charged_twice,38
is there something wrong with the transferring functions? i keep trying to transfer funds and only get an error message.,beneficiary_not_allowed,4
how long will my cash withdrawal be pending for?,pending_cash_withdrawal,27
there is a 1 extra fee in my statement,extra_charge_on_statement,20
i need to change my name what do i do?,edit_personal_details,18
need help with my card. it's not working.,card_not_working,9
how do i update my details?,edit_personal_details,18
why doesn't my passcode work?,passcode_forgotten,25
i'm concerned because my cash withdrawal is pending.,pending_cash_withdrawal,27
the exchange rate was wrong when i bought something outside the country.,card_payment_wrong_exchange_rate,10
i don't know my password anymore.,passcode_forgotten,25
why are the things i bought earlier today still showing as pending?,pending_card_payment,26
why was i charged a higher exchange rate when i bought something abroad?,card_payment_wrong_exchange_rate,10
use my credit to add money,supported_cards_and_currencies,31
what is the disposable cards limit?,disposable_card_limits,17
i got cash and the exchange rate should have been different than it ended up being.,wrong_exchange_rate_for_cash_withdrawal,44
tell me how many transactions i can do with a disposable card.,disposable_card_limits,17
i want to choose a different pin.,change_pin,12
my address has updated and i need to change it.,edit_personal_details,18
what's the deal with no cryptocurrency on your app?,beneficiary_not_allowed,4
how dp i top up with a cheque ?,top_up_by_cash_or_cheque,33
"i think i want aud and not gbp, can you help?",exchange_via_app,19
i want to open an account for my children,age_limit,1
why didn't i receive all the cash i requested?,wrong_amount_of_cash_received,43
can it automatically top-up money if there isn't much left?,automatic_top_up,3
why am i not allowed to verify my id?,unable_to_verify_identity,41
"so much time has gone by, the pending status shouldn't still be there shouldn't it?",pending_cash_withdrawal,27
"my bank app said that i got cash from an atm, but that's a mistake.",cash_withdrawal_not_recognised,11
"yesterday, i made an incorrect payment to the wrong account for my rent payment. i need this addressed as soon as possible and the funds transferred to the correct account by no later than tomorrow.",cancel_transfer,5
i don't remember my passcode?,passcode_forgotten,25
i was unable to make a transfer to another account.,beneficiary_not_allowed,4
show me how to look at the source of my current funds?,verify_source_of_funds,42
"hi, i just topped up my phone and the money was deducted but it seems to have deducted the same amount again! please help!",top_up_reverted,36
how long does it actually take for a card payment to go through? there's one stuck since a couple days already that doesn't seem to move,pending_card_payment,26
what can you use the disposable cards for?,get_disposable_virtual_card,22
i thought i was going to receive more currency?,wrong_exchange_rate_for_cash_withdrawal,44
do you offer disposable virtual cards too?,get_disposable_virtual_card,22
i have exceeded the number of times i can try my pin,pin_blocked,29
can i have a refund?,request_refund,30
today i used my card at a restaurant and it was declined. why?,card_not_working,9
"something is wrong, my top-up is gone and i don't know what happened to my money.",top_up_reverted,36
how secure is a disposable virtual card,get_disposable_virtual_card,22
what are the currencies and cards that are supported with my account?,supported_cards_and_currencies,31
what is the function of the disposable cards?,get_disposable_virtual_card,22
"needed gas, been delayed for half an hour.please fix it!",pending_top_up,28
how do i access the auto top-up option?,automatic_top_up,3
my card payment is showing pending.,pending_card_payment,26
i had a card payment that was declined. why?,declined_card_payment,15
what currencies and methods can i use to top up my account?,supported_cards_and_currencies,31
i want to inactivate my account.,terminate_account,32
how can i tell where the money came from?,verify_source_of_funds,42
the app wouldn't accept my top up.,top_up_reverted,36
why isn't my pin available yet?,get_physical_card,23
there's an error with the rate that is charged.,card_payment_wrong_exchange_rate,10
i attempted to withdraw some money from an atm this morning and received the wrong amount. your app says i have enough money available in the account. can someone tell me what's wrong?,wrong_amount_of_cash_received,43
i need my pin,get_physical_card,23
do you know what the restriction of the disposable cards are?,disposable_card_limits,17
how much longer until i get my new card?,card_arrival,7
i was double charged at a restaurant can you take the second charge off?,transaction_charged_twice,38
how many different currencies can i have my money in?,fiat_currency_support,21
the exchange rate for my payment last saturday must be wrong because i was charged extra.,card_payment_wrong_exchange_rate,10
"my card has been declined by two separate atm, and i'm worried something is wrong with my account. would you please see if my account is okay?",declined_cash_withdrawal,16
what's the problem? my card keeps getting declined for top up. i need to know what is going on.,top_up_failed,34
could i open an account for children?,age_limit,1
where can i go to get my pin unblocked?,pin_blocked,29
can you help me with proving my identity?,unable_to_verify_identity,41
is there a transfer fee?,transfer_fee_charged,39
"hello, i tried to take some cash out of the atm but i looked at my statement and it still shows that it's pending. is the machine broken? will i receive my money back or will i be charged for this?",pending_cash_withdrawal,27
i cannot locate the card pin.,get_physical_card,23
can i use your app to exchange between usd and gbp,exchange_via_app,19
hi. i noticed i have a duplicate charge which i have not made twice. who should i talk to take care of this?,transaction_charged_twice,38
i might need a new card because it's not working at any of the atms. i don't think ive used all my money. why is it doing this?,declined_cash_withdrawal,16
i don't remember my code to get into the app.,passcode_forgotten,25
my address has changed.,edit_personal_details,18
how long until a cash withdrawal will show on my account,pending_cash_withdrawal,27
what is the daily limit on my card?,top_up_limits,35
"so, the card pin?",get_physical_card,23
"for physical cards, do you charge?",order_physical_card,24
how long will this take to get to me?,card_delivery_estimate,8
when can i expect to receive my new card?,card_delivery_estimate,8
"i might be paranoid, but someone may be using my card.",compromised_card,13
this is very frustrating. i can't get my card to work on any atm i try and i've tried 3 of them so far. what's going on? can you please fix this issue immediately?,declined_cash_withdrawal,16
how do i find my pin?,get_physical_card,23
can i have my card delivered on tuesday?,card_delivery_estimate,8
can i stop a transaction?,cancel_transfer,5
how do i top up with a cheque?,top_up_by_cash_or_cheque,33
how can i exchange currencies in the app?,exchange_via_app,19
i was only given 20 when i tried to get 100,wrong_amount_of_cash_received,43
how do i freeze my card using the app?,compromised_card,13
how long will it take for my money to be deposited?,pending_top_up,28
why can't i get cash from the atm?,declined_cash_withdrawal,16
why does my money come from?,verify_source_of_funds,42
can i use cash to top up my account?,top_up_by_cash_or_cheque,33
"i need a new card to replace an expired one. will it cost anything, and how soon?",card_about_to_expire,6
a receiver let me know that they didn't receive the full transfer i completed and that it was actually a bit less than what i sent. at this point i have to make another transfer to make up for the amount missing. can you please follow up with what's going on here?,transfer_fee_charged,39
what is the maximum top up?,top_up_limits,35
is it possible to hold money in different currencies?,fiat_currency_support,21
how will i receive my pin?,get_physical_card,23
why am i being double charged for something?,transaction_charged_twice,38
what other fiat currencies can i use?,fiat_currency_support,21
what countries are you issuing cards for?,country_support,14
do cash machines let me change my pin?,change_pin,12
"i thought transfers were free, why was i charged?",transfer_fee_charged,39
why doesn't my card work for any transactions?,card_not_working,9
i wasn't able to use my top up card because the money i put on there wasn't there anymore,topping_up_by_card,37
i used my card to top-up but the money is gone!,topping_up_by_card,37
will you tell me how i am supposed to use the disposable cards?,get_disposable_virtual_card,22
changing my pin,change_pin,12
can someone assist me with updating my account details with changing my last name?,edit_personal_details,18
what if i need to use gbp instead of usd?,exchange_via_app,19
"why did i not get all the money that i asked for? i asked for all the cash in my my account, but i only got about half. why is that??",wrong_amount_of_cash_received,43
i want to know why i have been unable to withdrawn funds.,declined_cash_withdrawal,16
"hi there, i came across a problem with my top up and my money is missing, was there a system error?",top_up_reverted,36
please help me figure out the reason for the odd withdrawal amount from my account?,cash_withdrawal_not_recognised,11
why is my top-up still outstanding?,pending_top_up,28
how do i set up my card pin?,get_physical_card,23
my statement has a charge that shouldn't have been made.,request_refund,30
how much can i top up?,top_up_limits,35
what are the steps i follow to transfer money into my account?,transfer_into_account,40
i want to change my account details.,edit_personal_details,18
i lost my wallet and i think someone is withdrawing cash with my card. please help. it is urgent.,cash_withdrawal_not_recognised,11
why did i not get the amount of money i requested?,wrong_amount_of_cash_received,43
how do i start auto top up?,automatic_top_up,3
how often am i able to top-up?,top_up_limits,35
problem verifying my account,unable_to_verify_identity,41
please delete my account right now!,terminate_account,32
i want a refund,request_refund,30
what are the disposable cards restrictions?,disposable_card_limits,17
guide me on how to unblock my pin,pin_blocked,29
what kind of money can i hold?,fiat_currency_support,21
where can i find out how to transfer money into my account.,transfer_into_account,40
are there certain cards and currencies you support?,supported_cards_and_currencies,31
how can i get a disposable virtual card?,get_disposable_virtual_card,22
i am missing cash from my bank account according to my app,cash_withdrawal_not_recognised,11
what cards to do you support to top up.,supported_cards_and_currencies,31
where to i get my funds from?,verify_source_of_funds,42
"i was supposed to receive my new card by now, but it hasn't came in.",card_arrival,7
"hey, i got charged extra for some reason when i purchased an app. is this a hidden fee or something? i don't think it's very cool.",extra_charge_on_statement,20
why can't i see a recent refund in my statement?,Refund_not_showing_up,0
someone else may be using my card. there are transactions i don't recognize.,compromised_card,13
my account is depleted. can i transfer funds from another bank?,transfer_into_account,40
i need to top up using a cheque,top_up_by_cash_or_cheque,33
"i do not need gbp, i need aud, how do i convert it?",exchange_via_app,19
the app reversed a top off i had. what should i do?,top_up_reverted,36
i tried to make a cash withdrawal and it was declined. why did this happen?,declined_cash_withdrawal,16
my money i had was gone and i could not get gas!,topping_up_by_card,37
the atm is messed up. it gave me less than i wanted.,wrong_amount_of_cash_received,43
"i still haven't received my card after two weeks, is it lost?",card_arrival,7
i use this card all the time so why did it get declined at the store today?,declined_card_payment,15
how long does it take to verify a person's identity?,unable_to_verify_identity,41
where do you deliver cards to?,order_physical_card,24
do you have a list of countries you operate in?,country_support,14
"so my top-up failed, could you tell me why?",top_up_failed,34
why did i get less from the atm?,wrong_amount_of_cash_received,43
do you convert to euro?,fiat_currency_support,21
why have i been charged an extra 1?,extra_charge_on_statement,20
what happens if i forget my pin?,pin_blocked,29
how do i edit my details?,edit_personal_details,18
can i transfer money i the app,transfer_into_account,40
do you have a list of the cards and currencies supported?,supported_cards_and_currencies,31
what is taking so long with my top up?,pending_top_up,28
tell me how i can exchange between different currency.,exchange_via_app,19
"do i have to top up in euros if i use a card, or can i use a different currency?",supported_cards_and_currencies,31
can i get a card even though i live in the us,country_support,14
where is the money i pushed it's on my mobile app as being withdrawn.,wrong_amount_of_cash_received,43
"hi, last week i have contacted the seller for a refund as directed by you, but i have not received the money yet. please look into this issue with seller and help me in getting the refund.",Refund_not_showing_up,0
what locations can i top up with cash?,top_up_by_cash_or_cheque,33
where can i update my pin number?,change_pin,12
"i tried to withdraw some money from an atm this morning but wasn't able to get the amount of cash i needed. the amount in the app says what i was trying to withdraw was deducted, but i don't have any money. what do i do about this?",wrong_amount_of_cash_received,43
how can i fix this? the atm gave me more cash than i'd asked for.,wrong_amount_of_cash_received,43
is there a way to track the new card you sent me?,card_arrival,7
how come when i asked for 100 it only gave me 20.00 in the app,wrong_amount_of_cash_received,43
i need to transfer money into this account from my other bank account.,transfer_into_account,40
i entered my pin in wrong and got it frozen. how many tries do i have,declined_cash_withdrawal,16
what's the amount that i can top-up?,top_up_limits,35
"my recent transfer needs to be cancelled immediately it was a mistake, please can you cancel it before it goes through?",cancel_transfer,5
what methods can i use to add money to my account?,transfer_into_account,40
i have young kids. can they use this service?,age_limit,1
is it possible to exchange currencies?,exchange_via_app,19
i see an extra 1 charge on my app. why did it charge me extra?,extra_charge_on_statement,20
how do you top up with a cheque?,top_up_by_cash_or_cheque,33
i want to close my account  i will never do business with you again.,terminate_account,32
hello! i recently made a purchase and i'm needing to cancel my order and process a refund as soon as possible.,request_refund,30
my passcode is not being accepted,passcode_forgotten,25
my passcode was denied.,passcode_forgotten,25
can i reset my pin?,change_pin,12
why is my top up not completing?,pending_top_up,28
i am seeing an extra fee on my statement what is that for?,extra_charge_on_statement,20
i need my card quick,card_delivery_estimate,8
"my pin seems to be blocked, help me access it?",pin_blocked,29
"in china, need new card",card_about_to_expire,6
how much longer is it going to take to get my new card?,card_arrival,7
i have a canceled top-up and wanted to know about it.,top_up_reverted,36
is there a limit on how many times i can use a disposable card?,disposable_card_limits,17
can you tell me the countries you provide support for.,country_support,14
the atm didn't give me what i asked for but my balance says it did,wrong_amount_of_cash_received,43
is it possible to get a card outside the uk?,country_support,14
what is the wait time for delivery to the us?,card_delivery_estimate,8
how many card payments can i use on a disposable card?,disposable_card_limits,17
when will my card arrive?,card_delivery_estimate,8
i made an error in payment yesterday and i need it fixed asap because it's for my rent tomorrow.,cancel_transfer,5
why is the exchange rate so exorbitant? this should have been a much higher amount of cash for that to apply.,wrong_exchange_rate_for_cash_withdrawal,44
why was a transaction on my card declined?,declined_card_payment,15
how can i top up?,topping_up_by_card,37
how many times can i enter a wrong pin before it is blocked?,pin_blocked,29
how can i change my pin without going to the bank?,change_pin,12
i used my card top-up but all of the money is missing.,topping_up_by_card,37
what types of foreign money can be used with this service.?,fiat_currency_support,21
i am having trouble verifying my identity.,unable_to_verify_identity,41
i am having trouble withdrawing cash.,declined_cash_withdrawal,16
i'm having trouble with proving my identity.,unable_to_verify_identity,41
what should i do when my card reaches its expiry date?,card_about_to_expire,6
where is the pin number found?,get_physical_card,23
could you tell me why my top up isn't showing in my wallet?,topping_up_by_card,37
"hi, my card is getting declined continuously when i am trying to top-up. request you to look into this issue or tell me any other alternatives.",top_up_failed,34
"i did a bank transfer to top up, but the money is not available.",top_up_failed,34
why isn't my transfer not going through? i keep getting an error message.,beneficiary_not_allowed,4
"i'm interested in using fiat currencies, which do you support?",fiat_currency_support,21
how do i replace a card that's going to expire?,card_about_to_expire,6
how long are my top ups pending,pending_top_up,28
card is being used by someone else,compromised_card,13
"i want a refund, but i haven't received the item yet. can i cancel it and get my funds back? how do i do that.",request_refund,30
i bought an item and the exchange rate was wrong.,card_payment_wrong_exchange_rate,10
can my daughter make an account?,age_limit,1
why doesn't the card payment work,declined_card_payment,15
is it possible to delete the account?,terminate_account,32
how can i transfer money from an outside bank?,transfer_into_account,40
my payment has been declined several times. can you help me?,declined_card_payment,15
i want this amount reversed out of my account.,request_refund,30
how do i change name?,edit_personal_details,18
is this app capable of exchanging currencies?,exchange_via_app,19
how much can i top up in a day?,top_up_limits,35
there is an extra 1 charge on my app. why did it charge me extra?,extra_charge_on_statement,20
why would i be charged an extra fee while doing a transfer?,transfer_fee_charged,39
i'd like to delete my account.,terminate_account,32
"i just looked at my app and it seems i was charged extra, why is that?",extra_charge_on_statement,20
help me cancel a transaction.,cancel_transfer,5
how do i go forth on holding money in multiple currencies?,fiat_currency_support,21
can i receive a new card while i am in china?,card_about_to_expire,6
"i would like an account for my children, how do i go about doing this?",age_limit,1
what is going on with my cash withdrawal? the exchange rate is wrong,wrong_exchange_rate_for_cash_withdrawal,44
what is the extra 1 fee in my statement,extra_charge_on_statement,20
i cannot get my google pay to work.,apple_pay_or_google_pay,2
the wrong exchange rate was used when i purchased an item.,card_payment_wrong_exchange_rate,10
do you work in greece?,country_support,14
can i order a new card? mine is about to expire.,card_about_to_expire,6
tell me how to get a refund for something i bought.,request_refund,30
how much money can i top up?,top_up_limits,35
what are the rules for a top-up?,top_up_limits,35
i can't remember my passcode.,passcode_forgotten,25
can my children have an account?,age_limit,1
can i edit my personal details?,edit_personal_details,18
i don't recognize some transactions. is someone else using it?,compromised_card,13
why can't i transfer to a beneficiary?,beneficiary_not_allowed,4
why can't i top up?,top_up_failed,34
can i unblock my pin?,pin_blocked,29
why do i have a transaction showing multiple times?,transaction_charged_twice,38
"i have the cash already, my account still shows up as pending. how can my account be still pending?",pending_cash_withdrawal,27
how can i get my physical card to work?,card_not_working,9
problem with my top up going through,pending_top_up,28
why can i not do a transfer,beneficiary_not_allowed,4
how much is ok for me to top up with?,top_up_limits,35
"can you let me know where my refund money is? i requested a refund a few days back, but it's not showing up yet. do you guys have the money yet? maybe it's just not in my account. let me know when it will become available, please.",Refund_not_showing_up,0
the exchange rate was wrong?,wrong_exchange_rate_for_cash_withdrawal,44
i think my card is broken,card_not_working,9
i don't know why my payment didn't work.,declined_card_payment,15
are top-ups allowed using apple pay?,apple_pay_or_google_pay,2
is there a location near me that i can change my pin?,change_pin,12
my balance is not what i thought it was following an atm withdrawal,pending_cash_withdrawal,27
this place has been too much work so i'd just like to close out my account  be done.,terminate_account,32
do you have eur currency available for me?,fiat_currency_support,21
"i need to know this, where do my funds come from?",verify_source_of_funds,42
is there a way to see where my money originally came from?,verify_source_of_funds,42
how do i reset the passcode?,passcode_forgotten,25
"i tried to top up, but the funds show up as pending. i thought it was instant?",pending_top_up,28
why was i charged a random fee for a transfer i made?,transfer_fee_charged,39
my account says i have money but i withdrew it in cash.,pending_cash_withdrawal,27
can i top up using my car?,topping_up_by_card,37
the fee charged when i changed rubles into british pounds was too much.,card_payment_wrong_exchange_rate,10
"i accidentally made a payment from the wrong account yesterday. it's my rent payment, and it's very large, so the account i paid from won't be able to cover the amount. it's really important that the payment be made from the right account?",cancel_transfer,5
i forgot my code,passcode_forgotten,25
can you please make my top up go through as soon as possible. i really need the money and it has been pending for an hour already.,pending_top_up,28
can i top-up any amount?,top_up_limits,35
"i'm not in the uk, can i still get a card?",country_support,14
what kinds of cards can i use to top up?,supported_cards_and_currencies,31
the top-up is pending.,pending_top_up,28
my daughter needs an acount.,age_limit,1
how do i order a new card when my old one is ready to expire?,card_about_to_expire,6
my top-up was cancelled will i receive a refund?,top_up_reverted,36
i requested a refund directly from the seller but i still don't have it. i just want you to send me my money back. i did what you said to do and i still don't have it.,Refund_not_showing_up,0
i contacted a seller about a refund last week but he still hasn't returned my money. i am frustrated and need these funds. please help me get my money back.,Refund_not_showing_up,0
what is the procedure of unblocking my pin?,pin_blocked,29
"i froze my account, but how do i order a replacement card?",compromised_card,13
my card payment didn't work,declined_card_payment,15
what's the limit to how much i can top up?,top_up_limits,35
the atm machines keep declining my card and i don't know why. i thought i had money in my account. why is this happening?,declined_cash_withdrawal,16
the atm wouldn't allow me to withdraw money,declined_cash_withdrawal,16
my cash withdrawal was short.,wrong_amount_of_cash_received,43
was there a number to track that i could get?,card_arrival,7
can i change my pin without being physically present?,change_pin,12
is there a way to recover my password?,passcode_forgotten,25
when can i expect my new card to get here?,card_delivery_estimate,8
how can i get a virtual card for a one-time transaction?,get_disposable_virtual_card,22
what can i and can't do with the disposable cards?,disposable_card_limits,17
i wasn't applied the correct exchange rate for an item i bought,card_payment_wrong_exchange_rate,10
what should i do if i think that someone else may be using my card.,compromised_card,13
i was not distributed all of cash that i requested,wrong_amount_of_cash_received,43
where can i modify my details?,edit_personal_details,18
can you tell me more about limits to disposable virtual cards?,disposable_card_limits,17
can i get an auto top-up?,automatic_top_up,3
i need a new pin number.,pin_blocked,29
what is preventing me from adding a specific beneficiary?,beneficiary_not_allowed,4
"the service of this company sucks, i need to terminate my account.",terminate_account,32
how long does it take for a top up to go through,pending_top_up,28
"i reside in the us, but i want a card.",country_support,14
my exchange rate was wrong for an item i bought!,card_payment_wrong_exchange_rate,10
"if i need to make an exchange from usd to gbp, how can i do so in the app?",exchange_via_app,19
i'm not able to withdraw money from the atm but i'm not sure why.,declined_cash_withdrawal,16
what limits are there on the virtual cards?,disposable_card_limits,17
"if you are waiting for verification, it can take 10 minutes to 60 minutes to get results.you will hear from us once we have it. please make sure your images are clear and photos of documents are readable. you have to be at least 18 years old and live withing the economic area of europe or in switzerland in order to open an account.",unable_to_verify_identity,41
what other currencies can i hang onto?,fiat_currency_support,21
i wanted to know about a pending dollar that is on my statement.,extra_charge_on_statement,20
google pay top up isn't working,apple_pay_or_google_pay,2
i have yet to get my pin,get_physical_card,23
why did i only get 20 now the full amount i wanted?,wrong_amount_of_cash_received,43
i don't appreciate the extra fees being siphoned from my account. i was helping some friends move to japan and we were buying home decorations at the local stores. the receipts differed greatly from what showed up in my bank account and my statement. when can i expect the extra fees to be back in my account?,transfer_fee_charged,39
i need to know how to transfer money into my bank account. please help,transfer_into_account,40
i am travelling for two more weeks but really need to change my pin asap. what do i do?,change_pin,12
how to edit personal details?,edit_personal_details,18
am i able to stop a transfer?,cancel_transfer,5
what are my payment options?,supported_cards_and_currencies,31
can i change my pin at a nearby atm when in spain? i think someone saw my pin and i need to change it but am on vacation.,change_pin,12
why are you keeping my money from me by declining my card? what is going on?,top_up_failed,34
the conversion value for my card payments is incorrect.,card_payment_wrong_exchange_rate,10
i require verification for my source of funds.,verify_source_of_funds,42
i need to verify my source of funds,verify_source_of_funds,42
my credit card was declined.,declined_card_payment,15
how can i tell if my top-up has been cancelled?,top_up_reverted,36
how many transactions can i do with one disposable card?,disposable_card_limits,17
is there a problem that makes my payments show pending?,pending_card_payment,26
how can i replace an expired card?,card_about_to_expire,6
my payment for my card is not working,declined_card_payment,15
how do i go about getting a refund?,request_refund,30
why was i not allowed to do a transfer to a beneficiary?,beneficiary_not_allowed,4
is it possible to get a new card in china?,card_about_to_expire,6
how long does it take for a top-up?,pending_top_up,28
how do i get a new card sent to china?,card_about_to_expire,6
i got a message that my transfer is not possible. what is happening? i need this to go through please.,beneficiary_not_allowed,4
the app does not recognize who i am.,unable_to_verify_identity,41
how can i top up with apple pay?,apple_pay_or_google_pay,2
i purchased something in a foreign currency but the rate applied is wrong,card_payment_wrong_exchange_rate,10
i tried using my credit card with top up but it didn't work! i thought it was supposed to?,top_up_failed,34
are there any fiat currencies that you will not work with?,fiat_currency_support,21
i cannot remember my passcode.,passcode_forgotten,25
why is there a fee for an extra pound in my statement?,extra_charge_on_statement,20
can i use this app for any currency?,supported_cards_and_currencies,31
"i'm not sure what to do about the pin, because i don't have one yet.",get_physical_card,23
how do i find the pin?,get_physical_card,23
my credit card was declined for top-up. can you see if there is enough funds in my account?,top_up_failed,34
how often can i top up my account?,top_up_limits,35
can i automatically top-up when traveling?,automatic_top_up,3
cash withdrawal was incorrect at atm.,wrong_amount_of_cash_received,43
i have been waiting for my top-up to complete and it still hasn't gone through.,pending_top_up,28
my password isn't being accepted and i need to reset it.,passcode_forgotten,25
i want to transfer a sum of money from another bank account i have into this one,transfer_into_account,40
how to recover my passcode,passcode_forgotten,25
how do i check to see why my card payment was declined?,declined_card_payment,15
"i have made a withdraw from an atm this last holiday, why is there such a high charge from this transaction?",wrong_exchange_rate_for_cash_withdrawal,44
should my top-up be completed by now?,pending_top_up,28
how can i add money to my account from another account i have?,transfer_into_account,40
i need someone to find out where my money has gone to? it has disappeared. i completed a top up earlier and seen it had went through. since it has now disappeared i need to know what's going on.,top_up_reverted,36
i haven't received my pin,get_physical_card,23
what do i need to do to transfer money with my credit card?,topping_up_by_card,37
help me. the passcode doesn't work.,passcode_forgotten,25
i want to change my pin.,change_pin,12
i need to update my address.,edit_personal_details,18
are there virtual disposable cards?,get_disposable_virtual_card,22
why has my top-up been returned to my account?,top_up_reverted,36
i was charged an incorrect exchange rate for a withdrawal.,wrong_exchange_rate_for_cash_withdrawal,44
are there any specific cash machines that i have to go to in order to change my pin?,change_pin,12
is there a way to modify my details?,edit_personal_details,18
if i don't have much money in the account can i auto top-up?,automatic_top_up,3
at what age can my children use your service?,age_limit,1
i transferred money from one account to another account and i charged a fee for it. why is that?,transfer_fee_charged,39
where can i change my pin?,change_pin,12
help me order a new card that's going to be expired soon.,card_about_to_expire,6
why was i charged an extra pound?,extra_charge_on_statement,20
is the 1 pound charge going to be reimbursed on my card?,extra_charge_on_statement,20
please tell me which cash machines will allow me to change my pin.,change_pin,12
can i get a new card even though i am in china?,card_about_to_expire,6
why did i only get 20 when i asked for 100?,wrong_amount_of_cash_received,43
can i do a bank transfer to put additional money in my account because i am out of money?,transfer_into_account,40
how do i set my physical card pin?,get_physical_card,23
i made a top up yesterday but it's still pending.,pending_top_up,28
how can i cancel my transfer?,cancel_transfer,5
what are the steps for changing my passcode?,passcode_forgotten,25
explain why my top up would be reverted.,top_up_reverted,36
can i exchange to eur?,fiat_currency_support,21
what is the delivery time for us?,card_delivery_estimate,8
my card payment is showing pending however this transaction was a couple of days ago. is there a reason why it it still pending?,pending_card_payment,26
the refund isn't appearing in my account,Refund_not_showing_up,0
i topped up my account but the app failed to process it.,top_up_failed,34
"how do i close my account, since i'm dissatisfied?",terminate_account,32
i noticed additional charges when transferring?,transfer_fee_charged,39
"i still have not received my new card, i ordered over a week ago.",card_arrival,7
i have a transaction showing up multiple times.,transaction_charged_twice,38
"i used my card to top up, but now i don't see the money in my account.",topping_up_by_card,37
the payment for the card did not go through,declined_card_payment,15
do you have a children account available?,age_limit,1
"i would like to top up my account with a bank transfer, is that allowed?",transfer_into_account,40
can you help with a transfer to an account,beneficiary_not_allowed,4
think someone is using my card with permission,compromised_card,13
why would i receive an error that my transfer isn't possible when i've done it before?,beneficiary_not_allowed,4
do you accept credit cards from the us,supported_cards_and_currencies,31
unable to use my american express with apple pay to top up my account,apple_pay_or_google_pay,2
i want to use cash to top up.,top_up_by_cash_or_cheque,33
what do i do if the machine rejects my card?,card_not_working,9
i can't see my refund on my account,Refund_not_showing_up,0
what's the limit for disposable virtual cards?,disposable_card_limits,17
why is the cash transaction still showing as not completed?,pending_cash_withdrawal,27
i tried to pay through my account but the payment is not going through. what's going on?,pending_card_payment,26
i wish to top up using a cheque.,top_up_by_cash_or_cheque,33
in which countries does your app work,country_support,14
"i don't think the transaction has gone through, so can i cancel a transfer?",cancel_transfer,5
did my refund go through? it's not on my statement.,Refund_not_showing_up,0
my card seems to not be working at all.,card_not_working,9
"i tried using my card today and it's not working, can you help me?",card_not_working,9
i am on vacation in spain and need to change my pin.,change_pin,12
i haven't received the pin yet.,get_physical_card,23
can i mail in a check to top up?,top_up_by_cash_or_cheque,33
my statement does not reflect that a refund has been issued,Refund_not_showing_up,0
are there steps to see where my funds come from?,verify_source_of_funds,42
i think the rate that was applied to my purchase using foreign currency is wrong. help!,card_payment_wrong_exchange_rate,10
account topping up bank transfers to my account assistance please?,transfer_into_account,40
i was wondering whether exchanging currencies can be done on this app.,exchange_via_app,19
my morning transaction needs to be canceled.,cancel_transfer,5
i have made several unsuccessful attempts to make a transfer. i'm getting frustrated at getting error messages and it not going through.,beneficiary_not_allowed,4
i've been waiting for a refund where is it?,Refund_not_showing_up,0
"i need to delete my account, please.",terminate_account,32
i'd like to make some changes to my personal information.,edit_personal_details,18
help me order my card.,order_physical_card,24
can i use as many top-ups as i want?,top_up_limits,35
when are cards delivered?,card_delivery_estimate,8
"i received cash from the atm earlier, but this shows up as pending in the app. i've got the cash already. how can this be still pending?",pending_cash_withdrawal,27
what amount can i top-up?,top_up_limits,35
do i have to wait for a physical card before i get my pin,get_physical_card,23
how can i get my money that i didn't get from the atm?,wrong_amount_of_cash_received,43
how do i receive my physical card,order_physical_card,24
can you help me find top up by cash deposit?,top_up_by_cash_or_cheque,33
"my pin can't access my card, can you help?.",pin_blocked,29
are purchases returnable for full refund?,request_refund,30
i am so angry right now! i went to the atm and did not get the correct amount of money i chose to withdraw. how could this happen? i need my money and want to know how i can get it asap!,wrong_amount_of_cash_received,43
can i use your app if i am from the eu?,country_support,14
it's not letting me transfer money to my beneficiery.,beneficiary_not_allowed,4
how can i set a new pin.,change_pin,12
i will not be able to verify my identity.,unable_to_verify_identity,41
"i needed some cash while abroad, and i'm pretty sure the wrong exchange rate was applied.",wrong_exchange_rate_for_cash_withdrawal,44
the top up failed,top_up_failed,34
why did my card payment get declined?,declined_card_payment,15
do i need to order a new card before it expires?,card_about_to_expire,6
at what atm can i change my pin?,change_pin,12
please send my card as quickly as possible.,card_delivery_estimate,8
i am noticing that a refund of a large purchase still has not been credited to my account. i contacted the merchant a few days ago and he assured me that he would submit it right away. is there a status update?,Refund_not_showing_up,0
is there a way to fix my top up,top_up_failed,34
why am i not allowed to transfer money to my cryptocurrency exchange?,beneficiary_not_allowed,4
how do i see my source of funds?,verify_source_of_funds,42
the app is showing mt withdrawals that aren't mine.,cash_withdrawal_not_recognised,11
will you send me a new card in china?,card_about_to_expire,6
i have to verify my source of funds.,verify_source_of_funds,42
i think i got charged twice for the same thing,transaction_charged_twice,38
get an item refund,request_refund,30
"in the app, where do i find my card pin?",get_physical_card,23
what countries can i use your services?,country_support,14
is my credit card supported for top-ups?,supported_cards_and_currencies,31
when should i expect to receive my card?,card_delivery_estimate,8
i think something went wrong with my exchange between russian ruble and uk pounds. i was overcharged during the swap.,card_payment_wrong_exchange_rate,10
what do i do if someone used my card without my permission?,compromised_card,13
how many active transactions can i make with a disposable card?,disposable_card_limits,17
"i tried to top off using the card, but the money just disappeared?",topping_up_by_card,37
why has transferring money resulted in a charge?,transfer_fee_charged,39
how old can one use your service?,age_limit,1
i believe my card has been compromised because of a strange withdrawal,cash_withdrawal_not_recognised,11
how limited is a virtual card?,disposable_card_limits,17
why did you charge me extra?,extra_charge_on_statement,20
why caused my top up to not work?,top_up_failed,34
i can't get google pay to work right.,apple_pay_or_google_pay,2
"i need aud not gbp, how do i change it?",exchange_via_app,19
what should i do if someone else used my card?,compromised_card,13
can you please disable my current account.,terminate_account,32
"if i want to top up, can i use apple pay?",apple_pay_or_google_pay,2
how many disposable cards per day am i allowed to have?,disposable_card_limits,17
hi i'm waiting for a refund for an item i bought. i have contacted the merchant directly but had nothing back. can you tell me whether or not you are able to refund me for the item?,Refund_not_showing_up,0
how does tranferring money into my account work?,transfer_into_account,40
your exchange rate was off. i was charged extra on my payment that i made last saturday.,card_payment_wrong_exchange_rate,10
how do i transfer money using a credit card?,topping_up_by_card,37
what kind of fiat currencies are supported for holding and exchange?,fiat_currency_support,21
"hae, i already completed my 3d secure authentication when i tried the crypto top up but it's still not working for me. i also don't understand what happened to the money in my account",top_up_reverted,36
i got an unexpected charge on my transfers. how can i correct this?,transfer_fee_charged,39
is there a maximum amount of top-ups?,top_up_limits,35
which countries are supported,country_support,14
what to do if my physical card is not working?,card_not_working,9
i wasn't able to withdraw money at an atm,declined_cash_withdrawal,16
"i made a transfer and the receiver said an amount was received, but not exactly the same as the right amount. i now have to transfer more to get the remainder to the receiver. can you alert me about this. what's been happening?",transfer_fee_charged,39
"my netflix subscription says that there is an issue with my card information, but i thought everything was fine. why would it be declined?",card_not_working,9
i ordered a card but it has not arrived. help please!,card_arrival,7
how long will it take to refund me,Refund_not_showing_up,0
"if my card is going to expire this month, do i need to order a new one?",card_about_to_expire,6
i was denied cash at an atm,declined_cash_withdrawal,16
i have a top-up that's still pending and wanted to know about it.,pending_top_up,28
"i want to top up using cash, where can i do that?",top_up_by_cash_or_cheque,33
how do i top up my account with a cash payment?,top_up_by_cash_or_cheque,33
i have tried to use my card several times and it does not work.,card_not_working,9
can i go into my app to find my pin,get_physical_card,23
"someone is making transactions on my account, i think they took my card information.",compromised_card,13
how can i change currency type?,exchange_via_app,19
can i set the account to auto top-up?,automatic_top_up,3
i keep checking my bank statements but i don't see a refund that i've requested from a seller. can you ensure that i receive the refund from the seller?,Refund_not_showing_up,0
why cant i send money to a beneficiary?,beneficiary_not_allowed,4
how can i get funds into my account from my american express?,supported_cards_and_currencies,31
i don't remember my login code,passcode_forgotten,25
do i get a card to keep in my wallet?,order_physical_card,24
how can i exchange currencies with this app?,exchange_via_app,19
someone might be using my card. what should i do?,compromised_card,13
"i couldn't transfer money to my bank, why not?",beneficiary_not_allowed,4
i want to deposit my check to top up my account,top_up_by_cash_or_cheque,33
why didn't the atm give me my money?,declined_cash_withdrawal,16
"i need to reset my passcode, this one isn't working",passcode_forgotten,25
i need my card right away.,card_delivery_estimate,8
there is an atm withdrawl in the app i don't recognize.,cash_withdrawal_not_recognised,11
"i draw out money from your atm during holidays, and was charged insanely. i wouldn't have done it, if i had a little sense about the shocking charges.",wrong_exchange_rate_for_cash_withdrawal,44
do you support the eu?,country_support,14
how do i top up with apple pay?,apple_pay_or_google_pay,2
why would my topup not go through?,top_up_failed,34
when did you send me my new card?,card_arrival,7
so what about the card pin?,get_physical_card,23
can you give me info about what to do when my card expires?,card_about_to_expire,6
why isn't my google pay top up working?,apple_pay_or_google_pay,2
tell me why my topup wouldn't go through?,top_up_failed,34
is there any limits i should know about if i'm going to use a disposable virtual card?,disposable_card_limits,17
there is a refund missing.,Refund_not_showing_up,0
why was my card payment declined?,declined_card_payment,15
is there a tracking number for the card you sent me?,card_arrival,7
the atm keeps declining my card. i tried at a couple different atms. can you tell me if there's a problem with my account?,declined_cash_withdrawal,16
help! my account doesn't show any funds. is transferring funds an option i can use?,transfer_into_account,40
i can't figure out how to unblock my pin number. can you help me?,pin_blocked,29
how do i top up by card?,topping_up_by_card,37
my money i added isn't on my card.,top_up_failed,34
does it cost much or take long to get a new card? mine is about to expire.,card_about_to_expire,6
"i am unhappy with my purchase, how do i cancel the order?",request_refund,30
is my child too young to sign up?,age_limit,1
how can i setup automatic top-up?,automatic_top_up,3
is there a limit to how much i can top-up?,top_up_limits,35
i'm trying to take money from my account but its not letting me. help!,declined_cash_withdrawal,16
i have been trying to top up my account with a check but it won't work,top_up_by_cash_or_cheque,33
what do i do if i think my card was improperly used?,compromised_card,13
the atm keeps declining my transaction . i tried two different atms already can you please check if everything is okay with my account?,declined_cash_withdrawal,16
i forgot my pin number.,pin_blocked,29
please tell me why i am having problems transferring to a beneficiary.,beneficiary_not_allowed,4
do you have any limit on the auto top-up?,automatic_top_up,3
how can i tell if someone else is using my card?,compromised_card,13
how do i locate my card?,card_arrival,7
are there any limit on the auto top-up?,automatic_top_up,3
i want to go back on what i did this morning,cancel_transfer,5
i need to know where do my funds come from,verify_source_of_funds,42
how do i top up my card?,transfer_into_account,40
are their certain cash machines where i can change my pin?,change_pin,12
are all european currencies available for holding and exchange?,fiat_currency_support,21
my card doesn't seem to work anymore,card_not_working,9
why would i be declined if i had money iin my account,declined_cash_withdrawal,16
my thoughts were that you offered crypto top up which does not seem to be working. the money has now been taken from my account. what is the problem here?,top_up_reverted,36
what is the source of my money?,verify_source_of_funds,42
why am i being charged for the same thing twice?,transaction_charged_twice,38
my payment was declined,declined_card_payment,15
i tried to withdraw cash at an atm in the city center but my card was declined. the transaction is still showing up as pending - please cancel it!,pending_cash_withdrawal,27
why did i get declined when trying to get cash?,declined_cash_withdrawal,16
what are ways to test why my card might not be working?,card_not_working,9
i don't think my top up worked,top_up_failed,34
is it possible to get one the your cards in the eu?,country_support,14
do you have support for flat currencies?,fiat_currency_support,21
how do i change my address?,edit_personal_details,18
are there directions to get a new passcode if i forgot mine?,passcode_forgotten,25
how long will it take to get my refund,Refund_not_showing_up,0
i can't upload my identification.,unable_to_verify_identity,41
my friends would like to add to my account. what is the procedure?,topping_up_by_card,37
i was expecting my new card by now.,card_arrival,7
i tried to withdraw cash from your atm but my transaction was cancelled.,declined_cash_withdrawal,16
i have a transaction that shows multiple times.,transaction_charged_twice,38
tell me what atms allow me to change my pin.,change_pin,12
somebody used my card without my knowledge!,compromised_card,13
i need my pin unlocked.,pin_blocked,29
why was my transfer stopped ?,beneficiary_not_allowed,4
my identity can't be verified.,unable_to_verify_identity,41
can i transfer money to my credit card?,topping_up_by_card,37
how do i know why my card isn't working?,card_not_working,9
there has been a charge pending on my account statement that i can't figue out it's for a dollar.,extra_charge_on_statement,20
i can't use my card because it is not working.,card_not_working,9
could you please explain why i received a message that my transfer is not possible? i've never had any problems making a transfer in the past.,beneficiary_not_allowed,4
i am not satisfied with your company. close my account.,terminate_account,32
can i use my apple watch to top up?,apple_pay_or_google_pay,2
why can't i see my pin?,get_physical_card,23
"hey, my card was declined at an atm in the city centre theatre. my account says the transaction is pending, though. i didn't get the money, though, so what does that mean?",pending_cash_withdrawal,27
i no longer have my passcode.,passcode_forgotten,25
where can i find my card pin?,get_physical_card,23
is there a reason that my payment didnt go through,declined_card_payment,15
what is the next step if my card is about to expire.,card_about_to_expire,6
i would like to change my pin but i am not currently in the country.,change_pin,12
what do i do if i've been charged twice for the same transaction?,transaction_charged_twice,38
everytime i try to prove my identity it won't let me.,unable_to_verify_identity,41
the transfer to my account was not allowed.,beneficiary_not_allowed,4
can you explain why my google pay top isn't working?,apple_pay_or_google_pay,2
i've tried looking for the auto-top up option on your website and i can't seem to find it. can you help me?,automatic_top_up,3
would it be possible to open up an account for children?,age_limit,1
"hello, i'd like to inform you of an issue i'm currently experiencing. the goods i have ordered from your website have still not arrived yet it has been over 3 weeks. i would like to be issued a refund swiftly and be redirected to more competent people. thank you for your assistance.",request_refund,30
why can't my id be verified?,unable_to_verify_identity,41
what is the most i can top-up?,top_up_limits,35
how do i freeze my account?,compromised_card,13
how many uses are the disposable cards good for?,disposable_card_limits,17
i just lost my wallet and i see that they are already withdrawing money from my account. how can i stop this?,cash_withdrawal_not_recognised,11
do you deal with eur?,fiat_currency_support,21
i need to add money to my account. can i do so via bank transfer?,transfer_into_account,40
is there a way to reset my passcode?,passcode_forgotten,25
i need someone to assist me with explaining how much i can top-up.,top_up_limits,35
i'm unable to verify my identity,unable_to_verify_identity,41
are there any disposable virtual cards?,get_disposable_virtual_card,22
help! i forgot my password.,passcode_forgotten,25
why is my top up failing,top_up_failed,34
my top up did not go through yet.,pending_top_up,28
i do not have the information to verify my identify.,unable_to_verify_identity,41
i topped up my account but the money isn't there now.,topping_up_by_card,37
"can i get money in my home currency at some atm? i'm on holiday and am a bit concerned because i don't have any cash with me, it is possible to withdraw here already without any additional cost?",wrong_exchange_rate_for_cash_withdrawal,44
what is the reason for that,card_not_working,9
can i add money to my account via bank transfer?,transfer_into_account,40
do you give refunds?,request_refund,30
do i have to setup apple pay to use it,apple_pay_or_google_pay,2
i recently made a transfer that i would like to cancel,cancel_transfer,5
why is there some cash that i did not deposit in my account?,cash_withdrawal_not_recognised,11
when will i be able to see the refund,Refund_not_showing_up,0
cannot access my top up.,topping_up_by_card,37
my app is showing a cash balance that i did not receive.,cash_withdrawal_not_recognised,11
what is my card's pin?,get_physical_card,23
i got less money than i asked for.,wrong_amount_of_cash_received,43
i want to replace my current pin.,change_pin,12
what currencies do you accept for adding money?,supported_cards_and_currencies,31
is there any reason why my card didn't work when i tried to top up?,top_up_failed,34
i transferred money and was charged and want to know why.,transfer_fee_charged,39
from what countries can i use this product?,country_support,14
what is the reason that my top-up is still pending?,pending_top_up,28
what is the number of transactions i get with a disposable card?,disposable_card_limits,17
"what are my options for topping up, automatic andor manual?",automatic_top_up,3
where can i find the auto-top up feature?,automatic_top_up,3
how can i check if my card is working?,card_not_working,9
i need help reapplying my top-up. it seems it isn't working.,top_up_failed,34
"i requested a refund, and never received it. what can i do?",Refund_not_showing_up,0
now that i live in the us how can i get a card?,country_support,14
"i have waited 15 days, but my payment still hasn't cleared.",pending_card_payment,26
i need help verifying my identity.,unable_to_verify_identity,41
"i noticed an extra 1 charge on my statement, can you tell me why that is?",extra_charge_on_statement,20
is my pin the same as my passcode,get_physical_card,23
can you explain the various transaction times shown on my statement?,transaction_charged_twice,38
"using google pay, can i top up?",apple_pay_or_google_pay,2
"my american express works with my apple pay, why is top up not working?",apple_pay_or_google_pay,2
can you tell me where my readily available cash has come from?,verify_source_of_funds,42
can you tell me the limits for top ups?,top_up_limits,35
how many currencies can i have money in in my account?,fiat_currency_support,21
"i made a mistake when making my last transfer, please cancel before it goes thru.",cancel_transfer,5
it is urgency. please freeze my card now. as someone in some odd remote town has withdrawn some money by using my card. as i did not withdraw any money.,cash_withdrawal_not_recognised,11
why could i not choose cash at the atm?,declined_cash_withdrawal,16
my card is needed soon,card_delivery_estimate,8
"there seems to be an additional charge of 1 on my statement, what is the reason for this?",extra_charge_on_statement,20
i have a duplicate charge,transaction_charged_twice,38
how old do my children need to be to open an account?,age_limit,1
"my money has disappeared. i had recently added money in, and saw it was there and went through. now it's gone. what is happening?",top_up_reverted,36
the purchase i made is still pending.,pending_card_payment,26
why did i only get 20 when i tried to get 100,wrong_amount_of_cash_received,43
i am experiencing difficulty providing my identity.,unable_to_verify_identity,41
do you have a top-up limit?,top_up_limits,35
what do i do if the exchange rate was wrong for the item i bought overseas?,card_payment_wrong_exchange_rate,10
there are charges on my card that i haven't purchased.,compromised_card,13
you provide support in what countries?,country_support,14
can you tell me how transferring money into my account works?,transfer_into_account,40
when will it get delivered?,card_delivery_estimate,8
can i get a disposable card? how many can i have? how often can i use them?,disposable_card_limits,17
i am inquiring about your auto top up feature.,automatic_top_up,3
i would like to know if i can top up with google pay.,apple_pay_or_google_pay,2
when i got cash i believe that the exchange rate was wrong,wrong_exchange_rate_for_cash_withdrawal,44
i need to verify my funds.,verify_source_of_funds,42
i can't figure out how to transfer money into my account.,transfer_into_account,40
"i have been waiting longer than expected for my bank card, could you provide information on when it will arrive?",card_arrival,7
can i add a new currency to my account?,exchange_via_app,19
do i need to go to an office to change my pin?,change_pin,12
what fiat currencies are supported?,fiat_currency_support,21
how do i order a replacement for stolen card?,compromised_card,13
can turn my money into another currency?,exchange_via_app,19
what do i do if i forgot my pin?,pin_blocked,29
how long should it take for my top-up to finish? i've been waiting a while.,pending_top_up,28
when i was in a restaurant today my card was declined and payment wouldn't go through and i need help. can you fix this?,card_not_working,9
"hi, i don't know what's going on i've just paid for my top up twice by accident can you help me get a refund please.",top_up_reverted,36
i would like to change my personal details.,edit_personal_details,18
i was told i would be getting a refund but i have yet to see it,Refund_not_showing_up,0
i was trying to purchase something at the store today and my card has been declined. why has this happened?,declined_card_payment,15
my cash withdrawl has the wrong rate of exchange.,wrong_exchange_rate_for_cash_withdrawal,44
do i need to order a new card if mine is expiring?,card_about_to_expire,6
"my card details could be stolen, as i didnt make these transactions",compromised_card,13
my transaction is showing several times.,transaction_charged_twice,38
"i need to get a card, but i live in the us.",country_support,14
i really need to top-up my card today urgently but my card keeps getting declined!! can you please resolve this problem or try an alternative,top_up_failed,34
i attempted to top up my account but it's been frozen in a pending state for well over an hour now! is this normal? i'm a new customer and this is my first time doing this. i assumed it would be done quicker than this.,pending_top_up,28
why is my money gone right when i attempted to top up,topping_up_by_card,37
"i cannot remember my passcode, is there a way to retrieve it?",passcode_forgotten,25
how come i was charged a transaction of 1?,extra_charge_on_statement,20
what fiduciary currencies are supported for tenure and exchange?,fiat_currency_support,21
"hi, one of payment is still coming as pending for which i have already paid by card. i guess it did not processed, could you please check and update me.",pending_card_payment,26
the refund isn't showing up on my account.,Refund_not_showing_up,0
why is the cash withdrawal under pending?,pending_cash_withdrawal,27
the exchange rate applied is wrong for my international purchase.,card_payment_wrong_exchange_rate,10
my account is showing a double charge.,transaction_charged_twice,38
are transfers to a beneficiary possible,beneficiary_not_allowed,4
i can't see all the refunds in my statement,Refund_not_showing_up,0
the atm keeps declining my card! i tried two different atms already can you please check if everything is alright with my account??,declined_cash_withdrawal,16
i need my refund,Refund_not_showing_up,0
i want to use my american express for adding money into my account.,supported_cards_and_currencies,31
i am in the eu. can i get one of your cards?,country_support,14
can you express my card to me?,card_delivery_estimate,8
how old do you have to be to get an account?,age_limit,1
i do not have my pin yet,get_physical_card,23
may i get a disposable virtual card as well?,get_disposable_virtual_card,22
there is a payment that has not processed.,pending_card_payment,26
what currences are available for exchange?,exchange_via_app,19
where do i find the auto top up option?,automatic_top_up,3
the refund on my account hasn't shown up,Refund_not_showing_up,0
can i have a non virtual card?,order_physical_card,24
i would like to delete my account.,terminate_account,32
i would like to close my account.,terminate_account,32
i need urgent help. i realize i sent my payment to the wrong account number. i made a typo. please cancel the transfer now. there isn't an option from the app.,cancel_transfer,5
"i am adding money, what currencies do you accept to do this?",supported_cards_and_currencies,31
why is my exchange rate wrong for an item i bought?,card_payment_wrong_exchange_rate,10
why was i double charged?,transaction_charged_twice,38
what are the requirements to open an account for a minor?,age_limit,1
please explain why the funds i added were returned to my account.,top_up_reverted,36
i need my card immediately.,card_delivery_estimate,8
can i use an auto top-up option?,automatic_top_up,3
where do i get a disposable card,get_disposable_virtual_card,22
when is a payment i made with my card going to clear,pending_card_payment,26
why use a disposable card?,get_disposable_virtual_card,22
i cannot prove my own identity.,unable_to_verify_identity,41
my card payment says pending and it hasn't changed,pending_card_payment,26
is my daughter eligible to open an account?,age_limit,1
i have been charged way to much so something is apparently wrong with my exchange. i changed russian ruble into uk pounds.,card_payment_wrong_exchange_rate,10
i would like to add money to my account through my american express.,supported_cards_and_currencies,31
why is my refund not visible on my statement?,Refund_not_showing_up,0
"while abroad, i got cash, and the exchange rate applied is wrong.",wrong_exchange_rate_for_cash_withdrawal,44
i entered a typo when i was transferring money and now i've sent it to an incorrect account. this is so bad! i need it cancelled now.,cancel_transfer,5
i need your help in deleting my account.,terminate_account,32
my identity verification didn't work,unable_to_verify_identity,41
i need to know where my funds come from.,verify_source_of_funds,42
please check the exchange rate for my payment last saturday. i believe i have been overcharged.,card_payment_wrong_exchange_rate,10
i need you to delete my account now.,terminate_account,32
my card did not work at store.,declined_card_payment,15
i think my card is broke?,card_not_working,9
what is the source of the money in my account?,verify_source_of_funds,42
how does a disposable virtual card work?,get_disposable_virtual_card,22
what was the issue with my topping up?,top_up_failed,34
use credit card to transfer money,topping_up_by_card,37
"i made a mistake of transferring, can i cancel my previous transfer?",cancel_transfer,5
i need to change my phone number.,edit_personal_details,18
"i have a cash withdrawal that says it's pending, why?",pending_cash_withdrawal,27
"please check my card. as withdrawal was working fine so far, but this morning suddenly got declined. can you please check the problem?",declined_cash_withdrawal,16
is apple pay a possible top up option?,apple_pay_or_google_pay,2
how can i revert a transaction from this morning?,cancel_transfer,5
what are the benefits of a disposable card?,get_disposable_virtual_card,22
my card will not work,card_not_working,9
how do i access the option to top up?,automatic_top_up,3
how long does it take for me to get my new card?,card_arrival,7
i have to verify the source of my funds,verify_source_of_funds,42
how do i convert currencies with the app?,exchange_via_app,19
do physical cards cost money?,order_physical_card,24
i have money in a foreign account that i want to send to this account.,transfer_into_account,40
what currencies do you accept?,fiat_currency_support,21
how do i transfer funds directly from my credit card?,topping_up_by_card,37
i can't find my code,passcode_forgotten,25
i wanna revert a transaction i did this morning.,cancel_transfer,5
the atm i'm standing in front of only gave me 10 pounds rather than the 30 pounds i wanted. the app shows i took out 30 pounds also. what do i need to do to fix this?,wrong_amount_of_cash_received,43
why has my card been charged an extra pound?,extra_charge_on_statement,20
where is theft-top option?,automatic_top_up,3
you charged me more than once for the same transaction!,transaction_charged_twice,38
how can i transfer money into my account?,transfer_into_account,40
i think my card is broke it's not working anymore,card_not_working,9
please help me change my pin.,change_pin,12
my cash withdrawal isnt showing on my account,pending_cash_withdrawal,27
do you offer account's for minors?,age_limit,1
"i tried to access money earlier but the machine seems not to be working. after looking, the transaction actually shows to still being process. can you find out what is going on here? i don't want to be charged for some money i never got.",pending_cash_withdrawal,27
how long does it take for a card to arrive?,card_delivery_estimate,8
what options do i have in regards to payment?,supported_cards_and_currencies,31
how can i exchange currencies,exchange_via_app,19
i didn't get the right amount at the atm.,wrong_amount_of_cash_received,43
is this card available to americans?,country_support,14
what are age requirements for opening an account?,age_limit,1
"help, i don't see my money i just added.",pending_top_up,28
"i don't like the services, please close my account",terminate_account,32
what is the procedure for depositing a virtual card,get_disposable_virtual_card,22
talk me through modifying my details.,edit_personal_details,18
i tried to transfer funds to a beneficiary and was denied. can you tell me why?,beneficiary_not_allowed,4
i can't find the money i just added to my account.,pending_top_up,28
my statement shows and extra 1 that was charged to it and i would like to know why.,extra_charge_on_statement,20
after making a payment with my card it doesn't seem to have worked. it's just showing to be pending. when will this actually be going through?,pending_card_payment,26
when will the cash that i put in the atm be cleared from pending status?,pending_cash_withdrawal,27
how long will it take to verify my account?,unable_to_verify_identity,41
are my friends able to add funds to my account?,topping_up_by_card,37
do i have a card pin?,get_physical_card,23
"there is an error, the app says i made an atm withdrawal and i didn't.",cash_withdrawal_not_recognised,11
"when i want to transfer money to my account, how can i do that?",transfer_into_account,40
what if i type in the wrong pin too many times?,pin_blocked,29
i'm in the eu. can i get one of your cards?,country_support,14
where do you deliver cards by mail?,order_physical_card,24
"the top-up has a definite problem! i regularly use your service and haven't had a problem before, but now the top-up just shows pending. please tell my why it continues to show pending.",pending_top_up,28
i need to verify the source of funds.,verify_source_of_funds,42
what currencies are approved to add money?,supported_cards_and_currencies,31
i think someone has hacked my card!,compromised_card,13
what does my daughter need to open an account?,age_limit,1
i think i forgot my passcode,passcode_forgotten,25
where can i find information about where my money came from?,verify_source_of_funds,42
do you have info about the card on delivery?,card_arrival,7
my card is about to expire. what do i need to do to keep using my card?,card_about_to_expire,6
when i made a cash transfer abroad the wrong exchange rate was applied,wrong_exchange_rate_for_cash_withdrawal,44
i used my card to top up but it's saying it is still pending. what does this mean?,pending_top_up,28
what should i do if i forgot my passcode?,passcode_forgotten,25
where do you have locations at,country_support,14
why can't i withdraw funds from my account?,declined_cash_withdrawal,16
i lost my passcode.,passcode_forgotten,25
"help me please, i need to top up cash.",top_up_by_cash_or_cheque,33
why was i charged for transferring money?,transfer_fee_charged,39
why was my pin blocked?,pin_blocked,29
why has my card declined,declined_card_payment,15
"what's go on, where is my new card?",card_arrival,7
i don't know the code for the app.,passcode_forgotten,25
can i use a cheque to top up my account,top_up_by_cash_or_cheque,33
my pin has been blocked.,pin_blocked,29
my card is about to expired what will happen?,card_about_to_expire,6
will i get extra charges?,transfer_fee_charged,39
how long is the wait for my card?,card_delivery_estimate,8
what if there is an error on the exchange rate?,card_payment_wrong_exchange_rate,10
the transfer to my beneficiary has not gone through,beneficiary_not_allowed,4
why has my new card still not come?,card_arrival,7
will you set a limit to my top-up?,top_up_limits,35
i am only 17. can i make an account?,age_limit,1
someone has been using my card. there are unfamiliar transactions on there. can you freeze the card to keep this from happening?,compromised_card,13
its been several days and my cash withdrawal is still pending. why?,pending_cash_withdrawal,27
"i tried to take money from my card, but it didn't work. later i saw that the transaction is still in progress. what's goign on?",pending_cash_withdrawal,27
can i use google pay for topping -up,apple_pay_or_google_pay,2
can i order a new card to china?,card_about_to_expire,6
where can i get a physical card?,order_physical_card,24
"my pin is locked, how do i unlock it?",pin_blocked,29
"apple pay is not accepting my american express card, can you assist me with this problem?",apple_pay_or_google_pay,2
why can't i use a disposable card?,disposable_card_limits,17
do you accept us credit cards?,supported_cards_and_currencies,31
how can i modify my details?,edit_personal_details,18
i noticed the exchange rate for cash withdrawal isn't right.,wrong_exchange_rate_for_cash_withdrawal,44
"my card's expiration is approaching, how do i replace it.",card_about_to_expire,6
can i get an update on my replacement card?,card_arrival,7
i cannot use my pin.,pin_blocked,29
what should i do if i don't know my password?,passcode_forgotten,25
i forgot my pin and now it is blocked.,pin_blocked,29
could you inform me as to why i have been charged a higher fee for doing banking abroad.,transfer_fee_charged,39
currently i can't get my card to work.,card_not_working,9
can i change my pin at my local bank?,change_pin,12
"i withdrew cash from an atm earlier but it shows up as pending in the app. how can this still be pending, i received the cash already?",pending_cash_withdrawal,27
"please help me get a new card, i reside in the united states.",country_support,14
can i have money transferred into my account at different intervals along my trip?,automatic_top_up,3
will it be possible to change from usd to gbp with this app?,exchange_via_app,19
why can't i withdraw money?,declined_cash_withdrawal,16
there is some odd 1 charge that appears as pending on my statement. what's that about? pretty sure i haven't purchased anything for a pound there.,extra_charge_on_statement,20
i need to change my address in the personal details.,edit_personal_details,18
what is the maximum i can transfer before i incur fees?,transfer_fee_charged,39
i bought something this morning and the payment is still pending,pending_card_payment,26
still waiting on my new card,card_arrival,7
what do i do if i have exceeded all my pin tries?,pin_blocked,29
is it okay to hold money in multiple currencies?,fiat_currency_support,21
i want to transfer money. how do i do that for my account?,transfer_into_account,40
how can i change my tholepin ?,change_pin,12
my card was declined at a restaurant today and i don't know what the problem is.,card_not_working,9
if there isn't much money left can it automatically top-up?,automatic_top_up,3
you operate in which countries?,country_support,14
why is there an additional fee showing on the statement i received?,extra_charge_on_statement,20
i have got out the wrong amount from an atm. please tell me the process to get the cash back as in app its showing the amount i have been actually received.,wrong_amount_of_cash_received,43
my atm withdrawal was declined.,declined_cash_withdrawal,16
is american express supported for adding funds?,supported_cards_and_currencies,31
i have have multiple charges for one transaction.,transaction_charged_twice,38
i am being charged the wrong amount on my card.,card_payment_wrong_exchange_rate,10
my card is about to expire. are there any costs with a replacement card? how quick do you mail it to me?,card_about_to_expire,6
"your company is awful, i would like to delete my account please",terminate_account,32
i can't remember my password.,passcode_forgotten,25
show me where i can see the pin?,get_physical_card,23
how long does it take to recieve my new card?,card_arrival,7
is there a maximum for top-ups?,top_up_limits,35
i need help right now. i realize i sent my payment to the wrong account number after making a typo. please cancel the transfer now since i can't do it from the app.,cancel_transfer,5
"it is still pending, i am still waiting. your system just shows my top-up as pending. what is happening?",pending_top_up,28
what could the reason be that my payment card was declined?,declined_card_payment,15
do i have to manually top up once i'm too low?,automatic_top_up,3
my wallet was stolen and all my credit cards were in there. help?!!?,compromised_card,13
exchange rate for my card payment is wrong,card_payment_wrong_exchange_rate,10
when can i expect to receive my card?,card_delivery_estimate,8
my card payment didn't go through.,declined_card_payment,15
i believe someone is using my card without my agreement!,compromised_card,13
can i have it by a certain date?,card_delivery_estimate,8
hello i changed my mind and really need a refund on one of things i bought recently. can you please cancel the transaction and get my money back. please it's urgent.,request_refund,30
why isn't my google pay top up working for me? did i do something wrong?,apple_pay_or_google_pay,2
i don't know where to look to find my pin.,get_physical_card,23
i could not access my money at the atm,declined_cash_withdrawal,16
i need clarity on why my card is not working.,card_not_working,9
i want to close my account,terminate_account,32
in a recent withdrawal i received less cash than i expected to receive. did someone make an error with the exchange rate?,wrong_exchange_rate_for_cash_withdrawal,44
i tried transferring to an account but it won't let me.,beneficiary_not_allowed,4
can my children have their own account?,age_limit,1
i have been waiting for my card payment to be moved from pending status for an unusually long time. what is going on here and do you have an idea of when i can expect it to go through?,pending_card_payment,26
i've tried my card a bunch of times and it never worked.,card_not_working,9
i could not use my card in a store.,declined_card_payment,15
how long does the cash withdrawal take to pend?,pending_cash_withdrawal,27
what is the process to get a new card when your old one expires?,card_about_to_expire,6
can i track history on funds?,verify_source_of_funds,42
if i want to change my pin number can i directly from an atm?,change_pin,12
i could not get my card to work at a shop.,declined_card_payment,15
help me verify my identity.,unable_to_verify_identity,41
"hi, i was trying to use my card but it was declining by atm. i have cross checked with two different atms but i was facing the same issue. could you please check my account.",declined_cash_withdrawal,16
is there a limit on top-ups?,top_up_limits,35
can i get an account for my daughter?,age_limit,1
my pin was blocked.,pin_blocked,29
is the bank the only place i can change my pin,change_pin,12
i'd like to open an account for my kids can i do that?,age_limit,1
my top-up was revoked.,top_up_reverted,36
"heyy i tried to top up with my card today but it failed! i just got the couple days before but it has worked last time. what's going on, can you double check please?",top_up_failed,34
the first payment i attempted for my card at the store earlier did not process so i had to make a second attempt. the second time it worked. it now appears i was charged twice. after looking at the app i see a pending charge. please remove the pending amount because it is clearly not accurate and was declined.,transaction_charged_twice,38
why does my statement have these extra charges?,extra_charge_on_statement,20
i wanted to know why a top-up i made has been reverted.,top_up_reverted,36
is there a way to use this app with a disposable virtual card?,get_disposable_virtual_card,22
what locations are you in?,country_support,14
how do i close my account?,terminate_account,32
i have a card payment which shows as pending,pending_card_payment,26
the cash abroad exchange rate is applied wrong.,wrong_exchange_rate_for_cash_withdrawal,44
i'm having problems with id verification,unable_to_verify_identity,41
i need to top-up my card today urgently but my card keeps getting declined!! can you please resolve this problem or let me know if you have any alternatives,top_up_failed,34
what locations are cards delivered to?,order_physical_card,24
do i have a say when it's delivered?,card_delivery_estimate,8
where is the option to top up with a cheque?,top_up_by_cash_or_cheque,33
how much for an actual card?,order_physical_card,24
am i able to use apple pay?,apple_pay_or_google_pay,2
what are the details of disposable card limitations?,disposable_card_limits,17
i am not able to do a transfer to an account,beneficiary_not_allowed,4
"i was blocked by using the wrong pin too many times, can you help me?",pin_blocked,29
"i need to set up an account for my daughter, how would i do that?",age_limit,1
why was the wrong rate applied when i bought something in a different currency?,card_payment_wrong_exchange_rate,10
help my verify my id.,unable_to_verify_identity,41
can i have more than one disposable card?,disposable_card_limits,17
what is my top-up limit?,top_up_limits,35
"i did a top-up, but i'm not seeing it in my wallet yet.",topping_up_by_card,37
how much for a physical card?,order_physical_card,24
how do i fix a broken card?,card_not_working,9
"this company is bad, delete my account now.",terminate_account,32
is my new bank card on the way and is there a way to track it?,card_arrival,7
"i'm not in the uk, but can i still get a card?",country_support,14
my payment is in the app but hasn't gone through yet,pending_card_payment,26
can i hold money in other currencies?,fiat_currency_support,21
could you explain why my top-up has gone through yet?,pending_top_up,28
where is my refund? it appears to be missing.,Refund_not_showing_up,0
what is this extra 1 fee about?,extra_charge_on_statement,20
there is a payment showing as pending and hasn't posted for a few days. when will it post?,pending_card_payment,26
how can i set up google pay on my device?,apple_pay_or_google_pay,2
do you offer services that hold money in different types of currency?,fiat_currency_support,21
problems with my top up,top_up_failed,34
what source do my fund come from?,verify_source_of_funds,42
how long is a delivery to the us?,card_delivery_estimate,8
can i change my pin?,change_pin,12
there is a duplicate payment on my card. why?,transaction_charged_twice,38
do you accept cheques for top-up?,top_up_by_cash_or_cheque,33
i want to transfer some money from my other bank account into this one.,transfer_into_account,40
will you accept my credit card?,supported_cards_and_currencies,31
i need to transfer money to my account from another bank,transfer_into_account,40
i have been waiting over a week. is the card still coming?,card_arrival,7
let me know how many disposable cards i can have?,disposable_card_limits,17
do you limit my top-ups?,top_up_limits,35
"how do i reset my pin, i can't seem to use my card?",pin_blocked,29
my top up is not working,top_up_failed,34
how will i get my card?,card_delivery_estimate,8
terminate my account please,terminate_account,32
why is my card payment still pending? it should have gone through already.,pending_card_payment,26
are there restrictions on new cards in china?,card_about_to_expire,6
how long does it actually take my card payment to make it to the account? i've made a payment a couple of days ago but it hasn't moved since.,pending_card_payment,26
i requested a refund but can't see it.,Refund_not_showing_up,0
i don't see a refund in my account.,Refund_not_showing_up,0
are there any restrictions on the disposable cards?,disposable_card_limits,17
can i use this app to exchange between dollars and pounds?,exchange_via_app,19
the app reverted after i topped-up,top_up_reverted,36
the app denied my top-up,top_up_failed,34
i'd like to know how transferring my money into my account works.,transfer_into_account,40
do i get an actual card?,order_physical_card,24
i havn't received my pin yet.,get_physical_card,23
how do i know what my pin is?,get_physical_card,23
hello. i checked my transactions and saw i was double charged for a restaurant visit. can i get my money back?,transaction_charged_twice,38
"hi, please help me to request cash back. as i have been withdrawn money from atm, but i got wrong amount. in application its showing the amount i have been charged through.",wrong_amount_of_cash_received,43
where can i get my currencies exchanged?,exchange_via_app,19
what is the reason my payment was not accepted?,declined_card_payment,15
how can i exchange gbp for aud?,exchange_via_app,19
what are some of the restrictions that the disposable cards have?,disposable_card_limits,17
why did i get a 1 extra fee on the statement?,extra_charge_on_statement,20
i withdrew cash and dont see it reflected on the balance,pending_cash_withdrawal,27
how long do i need to wait til my top up isn't pending?,pending_top_up,28
why are there so many fees on my statement?,extra_charge_on_statement,20
the refund doesn't show in my account,Refund_not_showing_up,0
whats the process of tranfering money into an account?,transfer_into_account,40
are there any reasons that my identity wouldn't be accepted even though everything i've provided is factual?,unable_to_verify_identity,41
"hi, today i have withdrawn cash from atm but i got wrong amount and in the app it is showing much more amount than that.",wrong_amount_of_cash_received,43
"top up google pay, is it possible?",apple_pay_or_google_pay,2
what are the limits for disposable virtual cards?,disposable_card_limits,17
is there any way to cancel a recent transfer? i did not mean to make it and need to make sure it does not go through.,cancel_transfer,5
i havent got my card,card_arrival,7
how many transactions can i make on my disposable card?,disposable_card_limits,17
what are the countries that you operate in?,country_support,14
the exchange rate that was applied for an international purchase was wrong.,card_payment_wrong_exchange_rate,10
"i need to transfer money into my account, how?",transfer_into_account,40
does it cost anyting to get my own card?,order_physical_card,24
"after a transfer, i see an extra fee. why?",transfer_fee_charged,39
where can i find a list of descriptions the disposable cards have?,disposable_card_limits,17
is my top up not working?,pending_top_up,28
i'm worried my card might be lost in the mail? how long does it usually take to arrive?,card_delivery_estimate,8
can i get money in my home currency at my atm ?i am on holiday and bit concerned because i do not have any cash with me .is it possible to withdraw without any additional cost.,wrong_exchange_rate_for_cash_withdrawal,44
is there a limit for top up?,top_up_limits,35
is it possible to change to another currency?,exchange_via_app,19
i'm interested in getting a card. how does one go about doing that?,order_physical_card,24
can you tell me why my card keeps getting declined every time i try to use it?,declined_card_payment,15
i would like to delete my account. i'm not happy with the service you're providing,terminate_account,32
card refund is not showing up in my statement.,Refund_not_showing_up,0
how many times can i make a top-up?,top_up_limits,35
why is my card payment still pending?,pending_card_payment,26
i need a refund for something i bought.,request_refund,30
something is wrong with my payment account since it has been declined,declined_card_payment,15
is this card available to united states residents?,country_support,14
"i just checked my statement and saw a 1 charge, why is it there?",extra_charge_on_statement,20
am i allowed to hold money in multiple currencies?,fiat_currency_support,21
i just made a top-up but it shows as pending! i use your service all the time and have never had a problem before. why does it keep showing up as pending?,pending_top_up,28
"i need your help to check my account, please! my card keeps being declined at the atm, and i've already tried two different ones!",declined_cash_withdrawal,16
"if i feel someone has my card information, can i get a new card?",compromised_card,13
how do i order a new card if my current one is about to expire?,card_about_to_expire,6
my card was declined at a restaurant today and i am not sure why.,card_not_working,9
a transfer has to be cancelled.,cancel_transfer,5
why does my account have a pending cash withdrawal?,pending_cash_withdrawal,27
i can see an extra 1 charge on my app. why did you charge me extra?,extra_charge_on_statement,20
how long will my cash withdrawal take,pending_cash_withdrawal,27
my top-up funds aren't available yet.,pending_top_up,28
how long will it take to deliver to the us?,card_delivery_estimate,8
why is there an extra 1 pound charge on my card?,extra_charge_on_statement,20
i think that somebody is utilizing my card without my authorization!,compromised_card,13
will you help me unblock my pin after putting in the wrong pin too many times?,pin_blocked,29
why did my top-up fail?,top_up_failed,34
will i be able to get a disposable virtual card as well?,get_disposable_virtual_card,22
"three months ago i bought a new house for my cat, fluffy. unfortunately fluffy was not a fan of the house and it had to be returned to pet smart last week. they said they have sent a refund but it's not there, can you tell me where it is?",Refund_not_showing_up,0
"what is source of my funds, need to verify",verify_source_of_funds,42
would i be able to refund an item?,request_refund,30
"i need to use my disposable card multiple times a day, is there a cutoff limit?",disposable_card_limits,17
delete this account!,terminate_account,32
i am sick of this damn company and want to close out my account.,terminate_account,32
will this app exchange currencies?,exchange_via_app,19
one of my transactions needs to be canceled.,cancel_transfer,5
if i want to select a new pin what do i do?,change_pin,12
i would like to transfer money from my other bank account into this one.,transfer_into_account,40
"i would like to receive and use the card in europe, is that possible?",country_support,14
how old do you have to be to open an account?,age_limit,1
"i'm locked out of my account as i can't remember my code, what do i do now?",passcode_forgotten,25
"i am overseas in china, can i get a replacement card?",card_about_to_expire,6
i am interested in changing my personal details.,edit_personal_details,18
is my card lost? i am still waiting for it to be delivered.,card_arrival,7
can you help me get a disposable virtual card?,get_disposable_virtual_card,22
is it possible to change my pin if i am out of the country?,change_pin,12
what is the limits on the number of disposable cards i can have?,disposable_card_limits,17
how many top-ups can i use?,top_up_limits,35
my top up is giving me problems. what is wrong with it?,top_up_failed,34
"i'm supposed to be getting a refund but it hasn't shown up, now what?",Refund_not_showing_up,0
i need to renew a card that's about to expire,card_about_to_expire,6
my card was working but now it doesn't.,card_not_working,9
am i able to top up with apple pay?,apple_pay_or_google_pay,2
what happened to the money after i put in the wrong info and it got declined,topping_up_by_card,37
am i able to modify my account details?,edit_personal_details,18
i accidentally blocked my pin. how do i reset it?,pin_blocked,29
why wouldn't you support american express? its a card i like and use often and i don't want to get a different one,supported_cards_and_currencies,31
the exchange rate for my card payment doesn't seem right.,card_payment_wrong_exchange_rate,10
why is my card payment showing as pending?,pending_card_payment,26
how do i use a check to top up?,top_up_by_cash_or_cheque,33
can you tell me what are disposable cards for?,get_disposable_virtual_card,22
my top up did not complete.,pending_top_up,28
"if i have already completed a cash withdrawal at an atm, is it normal for it to show as a pending transaction on the app?",pending_cash_withdrawal,27
i wish to close my account. i do not like the service you provide.,terminate_account,32
top up did not work on the app.,top_up_failed,34
i have exceeded the number of pin attempts,pin_blocked,29
why am i not allowed to add a certain beneficiary?,beneficiary_not_allowed,4
is my pending cash withdrawal processed?,pending_cash_withdrawal,27
do i receive the physical card for free,order_physical_card,24
i want to cancel a transfer right away! can you help?,cancel_transfer,5
i wondered if multiple currencies is okay?,fiat_currency_support,21
can i order a disposable virtual card?,get_disposable_virtual_card,22
is it possible to top up by card?,topping_up_by_card,37
"i was abroad and needed some cash, but i think the wrong exchange rate was applied to the transaction.",wrong_exchange_rate_for_cash_withdrawal,44
can i cancel a charge?,cancel_transfer,5
may i get an account for my daughter?,age_limit,1
"i want to know which currencies and cards are supported, can you provide a list?",supported_cards_and_currencies,31
i inadvertently completed a transaction on a wrong account.,cancel_transfer,5
what do i have to do to change my pin?,change_pin,12
is there a daily auto top-up limit?,automatic_top_up,3
was there a way for me to get tracking for that?,card_arrival,7
where's accounting for my cash withdrawal?,pending_cash_withdrawal,27
what steps do i need to take to exchange currencies?,exchange_via_app,19
i need more money in my account. can i add more by transferring?,transfer_into_account,40
there is a pending transaction on my account for when i tried to get money from the atm earlier and it did not work. can you fix this?,pending_cash_withdrawal,27
what do i do if my card expires soon?,card_about_to_expire,6
the atm i used for foreign currency provided the wrong exchange rate.,wrong_exchange_rate_for_cash_withdrawal,44
help me delete my account. i am not satisfied with the service.,terminate_account,32
why is my identity not being verified?,unable_to_verify_identity,41
why am i being charged for transfers? are they not free?,transfer_fee_charged,39
what is the correct exchange rate for getting cash,wrong_exchange_rate_for_cash_withdrawal,44
reason for my card to decline,declined_card_payment,15
"i am express delivering my card to the us, how long will that take",card_delivery_estimate,8
"changed details is essential, what steps do i take to do so?",edit_personal_details,18
"new customer and filling gas for the first time today, not working,",pending_top_up,28
i would like to cancel a transfer...is this possible?,cancel_transfer,5
my app statement shows i took out cash from an atm but i did not. what can i do?,cash_withdrawal_not_recognised,11
i couldn't make a transfer to a beneficiary!,beneficiary_not_allowed,4
i have my card here with me and someone has just made a withdrawal for 500. please help!,cash_withdrawal_not_recognised,11
i've been checking my statement to see if i've received a refund i requested from a seller a while ago has arrived. but it has not. this should have come back to me already. can you help me figure out why it's not here and get my money back?,Refund_not_showing_up,0
why was i charged twice for the same thing?,transaction_charged_twice,38
"i don't know my pin, how can i find that out?",get_physical_card,23
how can i request cash back? the atm just gave me a different amount than what i've been charged though...,wrong_amount_of_cash_received,43
cancel a transaction,cancel_transfer,5
do you take checks?,top_up_by_cash_or_cheque,33
my card was declined but it shows as multiple charges?,transaction_charged_twice,38
where are the cards delivered to,order_physical_card,24
do you offer auto top ups?,automatic_top_up,3
the atm didn't give me enough money.,wrong_amount_of_cash_received,43
i wasn't charged the correct exchange rate for an item i purchased.,card_payment_wrong_exchange_rate,10
i'm on holiday and i noticed a different amount for exchange rate. can you explain?,card_payment_wrong_exchange_rate,10
how long to take the time to solve,card_not_working,9
do you have any top-up limits?,top_up_limits,35
i got charged and extra fee when i transferred money so why was i charged?,transfer_fee_charged,39
is it possible to also get a disposable virtual card?,get_disposable_virtual_card,22
hello i changed my mind and really need a refund on something i bought recently. can you please cancel the transaction and get me my money back. please it's urgent.,request_refund,30
what if my top up didn't work?,top_up_failed,34
i tried to charge my card but it was declined. a couple days ago i was able to charge it and it was accepted. is something wrong? will you double check for me please?,top_up_failed,34
"i have arranged a transfer, but no longer need to send it. how do i stop the transfer?",cancel_transfer,5
does google pay offer a top up option?,apple_pay_or_google_pay,2
why did i only get 20.00,wrong_amount_of_cash_received,43
what's my limit for topping up?,top_up_limits,35
"hi, i have an apple watch. how do i use it to top up my card?",apple_pay_or_google_pay,2
where is my pin? i don't have it yet,get_physical_card,23
my top up is pending still,pending_top_up,28
when can i expect delivery?,card_delivery_estimate,8
someone besides me might be using my card.,compromised_card,13
can i see money source?,verify_source_of_funds,42
can i have more than 2 disposable cards?,disposable_card_limits,17
where can the pin be located?,get_physical_card,23
the app won't let me log in as myself.,unable_to_verify_identity,41
my exchange went wrong. i swapped russian ruble for uk pounds and was charged too much.,card_payment_wrong_exchange_rate,10
i used foreign currency to buy something and i think the rate applied is incorrect.,card_payment_wrong_exchange_rate,10
tell me where i can find the auto top up feature and a little bit about it please.,automatic_top_up,3
"hey there, i just went through my most recent credit card payments and i notice the same charge for a restaurant was processed twice. there was only one meal at this place, so i would like one of the charges to be reversed and my money to be put back in the account.",transaction_charged_twice,38
i want to get a card but i live in the us,country_support,14
do you have any accounts for children ?,age_limit,1
i'm trying to activate the auto-top up function. where is it?,automatic_top_up,3
i'm having a hard time proving my identity.,unable_to_verify_identity,41
why hasn't my return cleared my account?,Refund_not_showing_up,0
i can't recall my passcode and need to reset it.,passcode_forgotten,25
tell me about the card pin?,get_physical_card,23
can i use a credit card from the us to top up?,supported_cards_and_currencies,31
i bought some stuff this morning but the payment shows as pending,pending_card_payment,26
can you tell me the restrictions for the disposable cards?,disposable_card_limits,17
what do i do to get a disposable virtual card?,get_disposable_virtual_card,22
what happens if my card expires?,card_about_to_expire,6
can my 8 year old grandson open an account at the bank?,age_limit,1
what should i do if i see an unauthorized withdrawal on my statement?,cash_withdrawal_not_recognised,11
can i change my pin without going to a bank?,change_pin,12
is it possible to get a physical card?,order_physical_card,24
where are the options to top up with a cheque on my account?,top_up_by_cash_or_cheque,33
"i changed the currency, but why is it costing more?",card_payment_wrong_exchange_rate,10
i only got 20 of the 100 that i attempted to withdraw.,wrong_amount_of_cash_received,43
what age do i have to be?,age_limit,1
why can't i see my funds after i topped up?,pending_top_up,28
i can't get into the app with the passcode.,passcode_forgotten,25
"i don't know if this is an issue with the atm or my account, but i just tried withdrawing 30 pounds from the atm i'm at now and it only gave me 10. is this a glitch or what exactly is going on?",wrong_amount_of_cash_received,43
i have to have several disposable cards per day.,disposable_card_limits,17
i still haven't received my card in the mail,card_arrival,7
what's the best way to use a cheque to top up?,top_up_by_cash_or_cheque,33
how can i transfer money to my account?,transfer_into_account,40
can i use it all over the world?,country_support,14
it looks like the exchange rates on my card payment are wrong,card_payment_wrong_exchange_rate,10
is there a way to revert my transaction from this morning?,cancel_transfer,5
do i have a 1 extra fee on the statement?,extra_charge_on_statement,20
what all currencies can be exchanged?,exchange_via_app,19
how do disposable cards work?,get_disposable_virtual_card,22
how long does it take for a new card to ship?,card_arrival,7
are there ways to transfer money into my account?,transfer_into_account,40
is there a limit to the number of disposable cards i can have?,disposable_card_limits,17
can i get a card in the eu?,country_support,14
i tried the wrong pin too many times.,pin_blocked,29
i would like a card please.,order_physical_card,24
the app passcode has completely slipped my mind.,passcode_forgotten,25
the exchange rate is incorrect on an item i recently purchased in a foreign country.,card_payment_wrong_exchange_rate,10
does your app allow currency exchanges between usd and gbp?,exchange_via_app,19
where do i get a disposable virtual card?,get_disposable_virtual_card,22
i am still waiting for my card after 1 week. is this ok?,card_arrival,7
i tried to use my card to top up but all of the money has disappeared.,topping_up_by_card,37
i am reluctant to use atms international because i don't get an accurate exchange rate,wrong_exchange_rate_for_cash_withdrawal,44
i can't log into my account because i lost my password,passcode_forgotten,25
my card payment is still pending.,pending_card_payment,26
what should i do if i think someone is using my card without my permission?,compromised_card,13
my card is not working when i try to use it.,card_not_working,9
how much does it cost for a physical card?,order_physical_card,24
i'm not satisfied with the services and no longer want to be a customer,terminate_account,32
why am i unable verify my id?,unable_to_verify_identity,41
i didn't receive the correct exchange rate when i got cash.,wrong_exchange_rate_for_cash_withdrawal,44
am i able to change my pin at certain cash machines?,change_pin,12
how do i unblock my pin?,pin_blocked,29
for some reason my account's been charged an extra dollar.,extra_charge_on_statement,20
"i have to transfer money over to my mother, and i have tried numerous times and all that keeps happening is error messages.",beneficiary_not_allowed,4
i have been charged twice on my statement.,transaction_charged_twice,38
what options do i have for holding currencies?,fiat_currency_support,21
what do i do if i can't prove my identity?,unable_to_verify_identity,41
what is taking so long with my refund?,Refund_not_showing_up,0
is there a charge for a physical card?,order_physical_card,24
why aren't my payment funds available to me?,pending_card_payment,26
why isn't my card working?,card_not_working,9
how long does it take to authorise a payment?,pending_card_payment,26
i made a withdraw from the atm this past holiday and it seems like a was charged too much. if i would have known about these charges i wouldn't have made a withdraw.,wrong_exchange_rate_for_cash_withdrawal,44
passcode retrieval,passcode_forgotten,25
what does the bank charge for lost or stolen card replacements?,order_physical_card,24
where can i locate my card pin?,get_physical_card,23
can i order a card please?,order_physical_card,24
my card didn't go through. it doesn't make sense. you told me that everything was ok.,declined_card_payment,15
please delete my account. i am not happy with the service from your company.,terminate_account,32
what physical locations can i use cash to top up?,top_up_by_cash_or_cheque,33
how can i reset my pin?,change_pin,12
it can take between 10 minutes to an hour before you hear back from us about the verification result. please try again if your verification fails. make sure you double check that images are clear and all document photos are readable without blur or glare. you have to be 18 or older and live in the european economic area or live in switzerland to be able to open an account.,unable_to_verify_identity,41
can a card stop working?,card_not_working,9
"my top-up was supposed to be done, but now the money is gone! is there a glitch in your system?",top_up_reverted,36
what are the cards and currencies that are supported?,supported_cards_and_currencies,31
i keep getting an error message when i'm trying to transfer funds! why aren't you accepting that?,beneficiary_not_allowed,4
exchange rate for my cash withdrawal is wrong,wrong_exchange_rate_for_cash_withdrawal,44
"i would like to exchange currencies, how do i go upon it?",exchange_via_app,19
where exactly does money come from,verify_source_of_funds,42
how can i reset my passcode ?,passcode_forgotten,25
what currencies can i hold?,fiat_currency_support,21
since i just got married i need to change my name.,edit_personal_details,18
i see a charge of 1l i do not recognize on my statement,extra_charge_on_statement,20
help me verify my identification.,unable_to_verify_identity,41
where is my credit card that was to be mailed?,card_arrival,7
why isn't top-up working? my top-up money disappeared after i saw that it was successfully transferred. is it gone? where did it go?,top_up_reverted,36
i think my card has been compromised in some way.,compromised_card,13
what do i do if i think someone managed to get my card information?,compromised_card,13
i'm trying to use a cheque to top up,top_up_by_cash_or_cheque,33
i only own one other credit card from the usa. will it be accepted?,supported_cards_and_currencies,31
what is my password?,passcode_forgotten,25
"looks like my card payment was duplicated after all. i went to pay at the store earlier, got declined once, second time it works. app still stays pending for one of the payments. can you please remove one of them as it's wrong and clearly was declined?",transaction_charged_twice,38
"i don't recognize some of the transactions on my card, i think someone must have gotten my card info and used it.",compromised_card,13
why was my top up reverted?,top_up_reverted,36
which currencies will you exchange?,fiat_currency_support,21
i want to cancel a transfer i just made.,cancel_transfer,5
why did i only receive a partial amount of what i tried to withdraw?,wrong_amount_of_cash_received,43
it seems like my card payment didn't work.,declined_card_payment,15
what is the cause of the delay in applying my card payment to my account?,pending_card_payment,26
what is the maximum i can top up?,top_up_limits,35
i tried to pull cash from an atm but it wouldn't let me.,declined_cash_withdrawal,16
"i decided i no long want something that i ordered, and want a refund. how do i go about doing that?",request_refund,30
can you share card tracking number?,card_arrival,7
can i give my friends access to my account so they can top it up for me?,topping_up_by_card,37
why has my deposit in the atm not cleared yet?,pending_cash_withdrawal,27
where can i find my fund information?,verify_source_of_funds,42
i can't find any option to top up with a cheque?,top_up_by_cash_or_cheque,33
do the disposable cards have a transaction limit?,disposable_card_limits,17
can i exchange currency to europe?,fiat_currency_support,21
is there an option to top up a with cheque?,top_up_by_cash_or_cheque,33
i don't remember my password,passcode_forgotten,25
how do you top up on the apple watch?,apple_pay_or_google_pay,2
i want to cancel a purchase,request_refund,30
how do i do an international transfer?,transfer_into_account,40
why did i get charged one pound seemingly randomly?,extra_charge_on_statement,20
why is the exchange rate on my card wrong?,card_payment_wrong_exchange_rate,10
can i get one of your cards in the eu,country_support,14
"the transactions showing up are strange, i think my card was used without me knowing.",compromised_card,13
i bought something that i need a refund for.,request_refund,30
i need a new pin how do i go about that?,change_pin,12
"my card payment has been declined, why?",declined_card_payment,15
how can i cancel this transaction?,cancel_transfer,5
i would like to know which fiat currencies are recognized by your organization.,fiat_currency_support,21
is there a way to do automatic top up,automatic_top_up,3
why am i seeing a transfer fee?,transfer_fee_charged,39
can i top up with apple pay,apple_pay_or_google_pay,2
i used the atm machine to get money out for holiday shopping and saw the outrageous charges. why is that? i would not have used the atm if i had known!,wrong_exchange_rate_for_cash_withdrawal,44
what are the reasons why you would not be able to process a payment,beneficiary_not_allowed,4
"my cash withdrawal is showing as pending, why?",pending_cash_withdrawal,27
how long will it take my card to get here?,card_delivery_estimate,8
the atm keeps declining my transaction . i tried two different atms already would you please check if everything is okay with my account?,declined_cash_withdrawal,16
i'm sure i have enough money so why didn't the store accept my card?,declined_card_payment,15
how can i find out about an extra fee on my statement?,extra_charge_on_statement,20
can i have my card delivered on a specific day?,card_delivery_estimate,8
"do you not accept crypto transfers from certain places? because when i tried to do a top up the money just disappeared. im not sure what to do or what i'm doing wrong, please help.",top_up_reverted,36
how can i use my credit card to transfer money?,topping_up_by_card,37
i don't have the means to prove my identity.,unable_to_verify_identity,41
how can i use my american express to add money into my account?,supported_cards_and_currencies,31
can you explain how to transfer money into my account for me?,transfer_into_account,40
do you support top ups?,top_up_reverted,36
i would like to report an issue with my product and want to get it refunded,request_refund,30
the card payment i made didn't work.,declined_card_payment,15
can you tell me why my card is not working? i keep trying to use it but it keeps rejecting my payment. i am being careful and entering the info correctly but it still happens.,declined_card_payment,15
is my cash withdrawal pending?,pending_cash_withdrawal,27
what is the fee on my statement for?,extra_charge_on_statement,20
show me how to top up with my card,topping_up_by_card,37
how long does it actually take for a card payment to go through? there's one stuck since a couple of days already that doesn't seem to move,pending_card_payment,26
"hurry and refund me, i am waiting",Refund_not_showing_up,0
i just purchased a disposable virtual card. am i able to use it for online purchases immediately?,get_disposable_virtual_card,22
"i'm not in the uk, is it possible for me to still get a card?",country_support,14
is my fiat currency supported for both hold and exchange?,fiat_currency_support,21
what information do you need to verify my source of funds?,verify_source_of_funds,42
a transaction is showing more than once.,transaction_charged_twice,38
i was not able to receive the correct amount of cash.,wrong_amount_of_cash_received,43
does this app exchange currencies?,exchange_via_app,19
do you support countries other than mine?,country_support,14
what if i need multiple disposable cards?,disposable_card_limits,17
i've tried numerous times to submit a transfer of funds. why isn't it going through?,beneficiary_not_allowed,4
can the card be mailed to europe?,country_support,14
i placed my order a week ago. is it ok that my card isn't here yet?,card_delivery_estimate,8
"please delete my account, this company is not working for me!",terminate_account,32
how many different currencies can i hold money in?,fiat_currency_support,21
i would like to cancel a purchase.,request_refund,30
what currencies can i have?,fiat_currency_support,21
what services can i use to top up?,apple_pay_or_google_pay,2
my wallet was taken and i see that someone is using my card! please help me!,cash_withdrawal_not_recognised,11
"the expiration date for my card is coming up, how do i get a new card?",card_about_to_expire,6
my card is about to expire.,card_about_to_expire,6
"it appears my card expires next month, can i order a new one?",card_about_to_expire,6
how can i unlock the pin?,pin_blocked,29
so i just went to the atm to get some cash. i input that i needed 100 pounds but i only got 80. i have the receipt and i am in need of the extra money. how do i go about obtaining the missing amount?,wrong_amount_of_cash_received,43
i haven't been sent my new pin!,get_physical_card,23
how do i get top up to work in apple pay?,apple_pay_or_google_pay,2
totally unacceptable. i'm stranded with no cash because the atm wouldn't give me any money!,declined_cash_withdrawal,16
"i did not get my card yet, is it lost?",card_arrival,7
how do i make a currency exchange?,exchange_via_app,19
why does my payment appear as pending?,pending_card_payment,26
i want to create a new pin.,change_pin,12
"i attempted to top up using my card, but now the money just disappeared?",topping_up_by_card,37
i was needing you to see if the exchange rate is correct from when i got cash,wrong_exchange_rate_for_cash_withdrawal,44
the atm didn't give me all my cash,wrong_amount_of_cash_received,43
my transaction needs to be canceled.,cancel_transfer,5
may i exchange currencies with this?,exchange_via_app,19
can i add to my account using a cheque?,top_up_by_cash_or_cheque,33
why did a transaction i made charge me 1?,extra_charge_on_statement,20
"looks like my card payment was made twice by mistake. i paid at the store earlier which rejected once, second time it worked. app stays at pending for one of the payments. can you please remove one of them as it's wrong and clearly was declined?",transaction_charged_twice,38
i've got a repeated tranasaction on my card.,transaction_charged_twice,38
how can i top up with google play?,apple_pay_or_google_pay,2
"hi, could you please help me as someone has stolen my wallet few hours ago. and a withdrawal is made, please help immediately. as i don't want to suffer more.",cash_withdrawal_not_recognised,11
i just moved. how do i give you my new address?,edit_personal_details,18
"i want to top up from my apple watch, can i?",apple_pay_or_google_pay,2
where do i need to go to change my pin?,change_pin,12
why is this not letting me exchange crypto? i need help making this transaction go through.,beneficiary_not_allowed,4
i'm still waiting for my top-up to go through,pending_top_up,28
top up on my google pay isn't working.,apple_pay_or_google_pay,2
where is my top-up generated from?,verify_source_of_funds,42
where will i get my card?,order_physical_card,24
can you tell me why you won't let me get my own money out of the money machine? i know i used the right pin.,declined_cash_withdrawal,16
"i have used all my pin tries, what now?",pin_blocked,29
my app shows cash i didn't get.,cash_withdrawal_not_recognised,11
i have made a card payment but it did not completed still showing as pending. please tell me when it will be completed.,pending_card_payment,26
i'm not okay with this fee on my statement.,extra_charge_on_statement,20
can i top up?,top_up_limits,35
i tried to do a transfer to an account but it didn't work,beneficiary_not_allowed,4
my card was declined in a shop,declined_card_payment,15
when will my cash withdrawal show,pending_cash_withdrawal,27
"there has been an unusual withdrawal from my account, can you help?",cash_withdrawal_not_recognised,11
"i have not received my card and it's been a week, what do i do?",card_arrival,7
what countries do you currently do business in?,country_support,14
how long does it take for deliver to the us?,card_delivery_estimate,8
i don't think that my top-up worked.,top_up_failed,34
i live in the eu - can i get a card?,country_support,14
how much am i allowed to top-up?,top_up_limits,35
my top up is still pending,pending_top_up,28
how can my friends top up my account?,topping_up_by_card,37
i am waiting for my card to arrive.,card_delivery_estimate,8
"i need to bank account transfer from another account into this one, what is the easiest way that can be done, and what information do i need?",transfer_into_account,40
what is the max top-up?,top_up_limits,35
how can i get my google pay top up to work?,apple_pay_or_google_pay,2
why would my card payment not work?,declined_card_payment,15
my physical card is not working,card_not_working,9
has my top up been reverted?,top_up_reverted,36
can i edit my details?,edit_personal_details,18
how can i get my card to work?,card_not_working,9
how do i open an account for my children?,age_limit,1
how do i check security settings on my card?,card_not_working,9
i'd prefer to use my american express when putting funds into my account.,supported_cards_and_currencies,31
are cards delivered to my location?,order_physical_card,24
"if my top-up didn't transfer, what went wrong?",top_up_reverted,36
what countries are you located in?,country_support,14
"my card's frozen, what can i do?",pin_blocked,29
how many days does a regular transaction take to complete? i see a pending payment that hasn't changed in the last several days.,pending_card_payment,26
my card still hasn't arrived after 2 weeks. is it lost?,card_arrival,7
"i live in the eu, can i get one of your cards?",country_support,14
"can you please assist me in apple pay, in getting top up to work?",apple_pay_or_google_pay,2
"i attempted to top-up with my card this morning, but the transaction was unsuccessful. i received the card two days ago and was successful using it previously. could you please help me?",top_up_failed,34
still waiting on a refund.,Refund_not_showing_up,0
how can i exchange aud for gbp?,exchange_via_app,19
what do i do if i think someone has used my card without permission? i can see a few transactions i don't recognize.,compromised_card,13
what do i do after my card expires?,card_about_to_expire,6
what limits are the to top-ups?,top_up_limits,35
how do i go forth on transferring money into my account?,transfer_into_account,40
why would my payment still show as pending?,pending_card_payment,26
how do i unblock my card?,pin_blocked,29
why am i not able to withdraw cash from this atm?,declined_cash_withdrawal,16
i wanted 100 but only got 20,wrong_amount_of_cash_received,43
can you explain your exchange rate policy? i don't think i received the correct amount of cash in my atm transaction.,wrong_exchange_rate_for_cash_withdrawal,44
i have a payment that is still pending,pending_card_payment,26
for some reason i forgot the passcode i have.,passcode_forgotten,25
is it possible for me to change my pin number?,change_pin,12
what is the procedure for an expired card?,card_about_to_expire,6
there is something wrong with my card. tried to use it a few times today in different places and it just didn't work. the transactions i tried to make were really small so not sure what's going on,card_not_working,9
i need a number of disposable cards everyday.,disposable_card_limits,17
there is a strange 1 charge that appears as pending on my statement. what's the cause for that? i haven't purchased anything for a pound.,extra_charge_on_statement,20
is there a limit to top up,top_up_limits,35
i need my refund as soon as possible. what else do i have to do?,Refund_not_showing_up,0
i must change my pin as soon as possible.,change_pin,12
is there a reason my new card hasn't arrived?,card_arrival,7
i think someone has access to my card numbers that shouldn't.,compromised_card,13
"my pins seems to be blocked, can you unblock it please",pin_blocked,29
how much does a card cost and why do you charge me,order_physical_card,24
there is a withdrawal in my account i didn't make.,cash_withdrawal_not_recognised,11
how come my card doesn't work anymore?,card_not_working,9
can you tell me why my top-up was canceled?,top_up_reverted,36
"hello, i see that i have been charged an extra 1 on my app. could you please provide me with a reason for this charge?",extra_charge_on_statement,20
i need to terminate my account immediately.,terminate_account,32
a refund is taking too long.,Refund_not_showing_up,0
how long will my top-up be pending?,pending_top_up,28
why wouldn't my withdrawal go through?,declined_cash_withdrawal,16
"if my account is low in funds, can i set an auto top-up?",automatic_top_up,3
how can i use american express to add funds to my account?,supported_cards_and_currencies,31
"i tried using a foreign currency at an atm, but the atm provided me an incorrect rate. why is that?",wrong_exchange_rate_for_cash_withdrawal,44
please tell me the limit to topping-up.,top_up_limits,35
what are the auto top-up policies?,automatic_top_up,3
can i top up my account with a check?,top_up_by_cash_or_cheque,33
which foreign currencies do you accept for adding money?,supported_cards_and_currencies,31
can i start an account for my kids?,age_limit,1
how does a us resident go about acquiring a new card?,country_support,14
my new card has not been delivered to my home yet. what is going on?,card_arrival,7
what's the procedure with currency exchange?,exchange_via_app,19
do you support all fiat currencies?,fiat_currency_support,21
is apple pay eligible for top up,apple_pay_or_google_pay,2
what happens when my card expires?,card_about_to_expire,6
i haven't received my cash yet.,wrong_amount_of_cash_received,43
"i needed to make a payment on my account, but i typed in the incorrect number. the app won't allow me to cancel this transaction. i need it cancelled asap!!",cancel_transfer,5
how come i can't get money at the atm,declined_cash_withdrawal,16
i would like to know why my purchases from this morning are still pending.,pending_card_payment,26
how do i set up my credit card to send transfers?,topping_up_by_card,37
"someone is using my card to purchase flights to new york it's not me because i'm not going to new york, please can you cancel the card and refund the money?",cash_withdrawal_not_recognised,11
i took out money from a transaction machine and it exchanged the wrong dollar value amount from another currency!,wrong_exchange_rate_for_cash_withdrawal,44
"can i add other people to my account, so they can top up?",topping_up_by_card,37
how can i tell where my funds came from?,verify_source_of_funds,42
which atm's am i able to change my pin?,change_pin,12
please tell me how the exchange rate is determined. i was expecting more money for the transaction.,wrong_exchange_rate_for_cash_withdrawal,44
what is the auto top up function and where can i find that at?,automatic_top_up,3
what do i do when my card expires?,card_about_to_expire,6
does transferring money have a fee?,transfer_fee_charged,39
the exchange rate you gave me for my cash withdrawal is wrong,wrong_exchange_rate_for_cash_withdrawal,44
i bought something in another country but the exchange rate is wrong,card_payment_wrong_exchange_rate,10
i am looking to transfer some money from my other bank account into this one.,transfer_into_account,40
"my card payment is just showing up as pending since forever, what's going on with that, when should it be going through?",pending_card_payment,26
i cannot find my refund on my statement.,Refund_not_showing_up,0
i've forgotten my app passcode completely.,passcode_forgotten,25
is there a way i can see source of money?,verify_source_of_funds,42
can i withdraw money in my hometown currency while on holiday without any additional fees?,wrong_exchange_rate_for_cash_withdrawal,44
how do i exchange usd to gbp?,exchange_via_app,19
is there a transaction limit on a disposable card?,disposable_card_limits,17
what are these disposable virtual cards all about?,get_disposable_virtual_card,22
why was there a transfer fee on my account?,transfer_fee_charged,39
how long does it take for a payment to change from pending?,pending_card_payment,26
still need to get card pin,get_physical_card,23
why can i not transfer money into my account?,transfer_into_account,40
why does my statement contain an extra fee?,extra_charge_on_statement,20
how do i unblock my pin after entering it wrong too many times?,pin_blocked,29
i expected a higher exchange rate when i withdrew money. can you tell me current exchange rates?,wrong_exchange_rate_for_cash_withdrawal,44
why am i seeing a transfer fee on my bank statement?,transfer_fee_charged,39
i would like to order a disposable virtual card. how can i do this?,get_disposable_virtual_card,22
i used my pin too many times.,pin_blocked,29
the card is non-functional.,card_not_working,9
what do i need to do to verify my funds?,verify_source_of_funds,42
why can't i top up by cheque?,top_up_by_cash_or_cheque,33
verify my source of funds?,verify_source_of_funds,42
how about disposable virtual cards?,get_disposable_virtual_card,22
how do i obtain a disposable virtual card?,get_disposable_virtual_card,22
i want to cancel my account.,terminate_account,32
what is the source of my funds.,verify_source_of_funds,42
do you have an age requirement when opening an account with your service?,age_limit,1
do you deliver the pin separately?,get_physical_card,23
can i choose delivery times to suite me?,card_delivery_estimate,8
someone i don't know has used my card without permission.,compromised_card,13
why is my beneficiary not working?,beneficiary_not_allowed,4
i need money put into this account from another one.,transfer_into_account,40
my credit card has been declined.,declined_card_payment,15
as my kids get older are they able to get set up with their own accounts?,age_limit,1
is there currency exchange on this app?,exchange_via_app,19
where'd the rest of my cash go from the atm,wrong_amount_of_cash_received,43
is it possible to hold money in multiple currencies?,fiat_currency_support,21
the app has rejected my top up.,top_up_failed,34
is my account able to be topped up by my friends?,topping_up_by_card,37
i need you to delete my account right now.,terminate_account,32
my card was denied at an atm earlier today but the transaction is pending. please cancel it as i did not receive my money.,pending_cash_withdrawal,27
the exchange rate you are using is really bad.this can't be the official interbank exchange rate.,card_payment_wrong_exchange_rate,10
is there a reason why there is an extra 1 charge on my account?,extra_charge_on_statement,20
"i went for a meal in seattle and paid the bill but i think they charged me twice, the first time they swiped the card i got a notification to say the money had gone out the account but then i added a tip and i think they swiped it all again. can you refund one of the charges?",transaction_charged_twice,38
there is a cash withdrawl i don't remember.,cash_withdrawal_not_recognised,11
"since my card is about to expire, i need a new one.",card_about_to_expire,6
are there cash machines where i can change my pin?,change_pin,12
can i add money to my card automatically during a trip?,automatic_top_up,3
can i top off with a debit card?,supported_cards_and_currencies,31
i cannot see the card pin anywhere?,get_physical_card,23
"when i travel, can it automatically add money in certain intervals?",automatic_top_up,3
does the app allow for exchanges between currencies?,exchange_via_app,19
"i requested a refund from a merchant several days ago, but don't see anything showing up in my account yet. can you check on your end to see if the money has reached you guys?",Refund_not_showing_up,0
i am yet to receive my pin.,get_physical_card,23
how long does it take for me to get my pin,get_physical_card,23
"hi, as suggested by you, i have asked the seller to initiate the refund, it has been a week and i haven't received my money. please advise.",Refund_not_showing_up,0
i want to add funds to my account. what payment methods are accepted?,supported_cards_and_currencies,31
an extra fee of 1 was in my statement,extra_charge_on_statement,20
i ordered my card but it hasn't been delivered yet,card_arrival,7
could i open an account for my children?,age_limit,1
i need to cancel a purchase?,request_refund,30
are there restrictions to transfers to certain accounts?,beneficiary_not_allowed,4
how do i begin the process of a refund?,request_refund,30
i want a virtual card that is disposable,get_disposable_virtual_card,22
can my daughter open an account?,age_limit,1
"in reviewing my statement, i show i have two charges for the same purchase at the same time, which i have not made in duplicate? how do i get this solved?",transaction_charged_twice,38
where do i go to reset the passcode?,passcode_forgotten,25
my card's expiration date is close.,card_about_to_expire,6
i think my top up was reversed.,top_up_reverted,36
"my card got blocked, how do i reset?",pin_blocked,29
how long will it take to get to me?,card_delivery_estimate,8
how many transactions can i do with my disposable card?,disposable_card_limits,17
the exchange rate for my withdrawal was wrong.,wrong_exchange_rate_for_cash_withdrawal,44
just received a message that my transfer is not possible?? what is going on. i have done this before with no issues.,beneficiary_not_allowed,4
what's the pending length for credit transactions? i've had one in my pending category now for days and it won't move to processed.,pending_card_payment,26
how do i get a pin?,get_physical_card,23
"i am in desperate need to transfer funds from another account that i have into this one, how do i do that?",transfer_into_account,40
"hello, i made a payment with my card and it's not working. it's been a while and still says its pending. can you tell when this will go through?",pending_card_payment,26
when will the card arrive?,card_delivery_estimate,8
how can i cancel a transfer?,cancel_transfer,5
how long is us delivery?,card_delivery_estimate,8
can i top up with cash,top_up_by_cash_or_cheque,33
"my card info was stolen, what do i do?",compromised_card,13
my last name has changed and i need to update my account details.,edit_personal_details,18
a receiver made me aware that they did not receive the full transfer that i made. the amount was showing to be a bit less. i now have to make a second transfer just to make up the difference. can you reach out and let me know what's going on?,transfer_fee_charged,39
do i need to wait for my card before i get pin,get_physical_card,23
how does a virtual card work,get_disposable_virtual_card,22
"i was using foreign currency at an atm, but the rate was typed in wrong.",wrong_exchange_rate_for_cash_withdrawal,44
why is there a pending transaction on my card?,pending_card_payment,26
the new card that was just sent to me was declined multiple times yesterday when i tried to use it at a restaurant to pay for my dinner. i am really disappointed and embarrassed that my card was denied when i tried to use it to pay for my friend's birthday dinner.,declined_card_payment,15
please tell me how to edit my personal details.,edit_personal_details,18
what fiat currencies do you allow exchange with?,fiat_currency_support,21
i want a refund on this.,request_refund,30
my friends want to top up my account,topping_up_by_card,37
where are you present globally?,country_support,14
what is the most amount of disposable cards allowable?,disposable_card_limits,17
i hope you can help me. someone has stolen my wallet and now i have noticed that they have been taking money from my account.,cash_withdrawal_not_recognised,11
how do i get a virtual card for one time use,get_disposable_virtual_card,22
is there a reason my top-up has been cancelled?,top_up_reverted,36
"i wasn't charged the correct amount for an item i purchased, how can i fix this?",request_refund,30
is there tracking info available?,card_arrival,7
"i tried to top up, but it didn't finish.",pending_top_up,28
the 1.00 has still not been reverted as indicated in the previous email.,extra_charge_on_statement,20
my refund is not showing up in my account. where is it?,Refund_not_showing_up,0
how can i change my information?,edit_personal_details,18
the disposable cards - what are they for?,get_disposable_virtual_card,22
is there a disposable virtual card?,get_disposable_virtual_card,22
i tried to purchase airline tickets online this morning and my card information isn't working. is there something going on with my account?,card_not_working,9
how old do you need to be to open an account?,age_limit,1
why can't i get my top up to work in apple pay?,apple_pay_or_google_pay,2
what are the disposable cards used for?,get_disposable_virtual_card,22
"looks like my card payment was made twice by mistake. i went to pay at the store earlier which rejected once, second time it worked. app is on pending for one of the payments. can you please remove one of them as it's wrong and clearly was declined?",transaction_charged_twice,38
exchange rate on a purchase was incorrect,card_payment_wrong_exchange_rate,10
the top-up i ordered didn't process.,top_up_failed,34
"i have made a payment by my card, and its still pending since a long time. could you please tell me when it will process.",pending_card_payment,26
why is my top up still pending?,pending_top_up,28
"cancel my transfer, please.",cancel_transfer,5
"my card's expiring a month from now, should i place an order for the new card?",card_about_to_expire,6
"i have a card that expires in the coming month, do i have to specifically ask for the updated card?",card_about_to_expire,6
i believe i got a wrong exchange rate when i got cash.,wrong_exchange_rate_for_cash_withdrawal,44
it's only been a few weeks my my top-up got cancelled,top_up_reverted,36
how do i update my pin to a new number?,change_pin,12
how can someone add money to my account?,topping_up_by_card,37
there is an odd 1 charge that appears as pending on my statement. what's the reason for that? i haven't purchased anything for a pound.,extra_charge_on_statement,20
can i add money automatically to my account while traveling?,automatic_top_up,3
has my card been lost in delivery?,card_arrival,7
i live in portugal. do you operate here?,country_support,14
i would like to change my address.,edit_personal_details,18
"if i want to get an account for my daughter, can i do that?",age_limit,1
1 charge in transaction.,extra_charge_on_statement,20
i had a dollar charged to my account that's still pending and wanted to know what the charge is for?,extra_charge_on_statement,20
i made the incorrect payment for my rent yesterday and this needs to be fixed by no later than tomorrow. how can you help?,cancel_transfer,5
"there are a few transaction that i don't recognize, i think someone managed to get my card details and use it.",compromised_card,13
my automatic top-up was unsuccessful,top_up_reverted,36
i just moved to the us how do i get a card?,country_support,14
i no longer want this can i cancel my purchase?,request_refund,30
i was charged more than once for a card payment i made.,transaction_charged_twice,38
why is the payment on my card still pending?,pending_card_payment,26
"i might need aud instead of gbp, how to change?",exchange_via_app,19
"there was money taken out of my account, and i'm pretty sure i didn't do it.",cash_withdrawal_not_recognised,11
what are some reasons that would cause atm machines to decline my card? it has happened to me multiple times!,declined_cash_withdrawal,16
why was my top up cancelled?,top_up_reverted,36
i want to have multiple currencies in my account if possible.,fiat_currency_support,21
i need to cancel my recent transfer as soon as possible. i made an error there. please help before it goes through.,cancel_transfer,5
"i need a refund and cancel a transaction on an item i purchased and i need it as soon as possible, please!",request_refund,30
my card wont work at an atm,declined_cash_withdrawal,16
"i no longer need aud, i need gbp instead, how can i make this happen?",exchange_via_app,19
"got married, need to change account name",edit_personal_details,18
i want to do a cash deposit to top up. how do i do this?,top_up_by_cash_or_cheque,33
can you tell me what cards and currencies you take?,supported_cards_and_currencies,31
my pin was entered wrong and now i am blocked. please unblock.,pin_blocked,29
there is a withdrawal that isn't mind in the app.,cash_withdrawal_not_recognised,11
will i be able to track the card that was sent to me?,card_arrival,7
what is delivery speed to the united states?,card_delivery_estimate,8
can i use the apple watch to make a top-up?,apple_pay_or_google_pay,2
there's a delay in my top-up,pending_top_up,28
where can i find the card pin?,get_physical_card,23
the atm shows a withdraw of the amount of money i requested but i didn't revieve that amount in cash.,wrong_amount_of_cash_received,43
my attempted transfer keeps kicking back with an error message. could you please help me to resolve this?,beneficiary_not_allowed,4
"so i've been using my account frequently to manage payments for my vacation house in a different country, and now i'm getting hit with ridiculously high fees! what's with that? ought not i be rewarded as a frequent user?",transfer_fee_charged,39
why is my card not working?,card_not_working,9
my purchase from this morning still is pending.,pending_card_payment,26
it appears as though my card payment was duplicated. i paid at the store earlier today. the first time it was declined and the second time it worked. the app is still showing one of the payments to be pending. please take one of these off because clearly the first was declined and is not correct.,transaction_charged_twice,38
i need to change my pin but i am on the road.,change_pin,12
tell me how to delete my account.,terminate_account,32
where do you export the cards to?,order_physical_card,24
"i transferred 7,000 to a receiver outside the eu and they received a lesser amount than what i sent, unfortunately, now i must send an additional transfer to the receiver so that they can receive the full amount i initially sent. i'm not sure why they received a lesser amount than what i initially sen, but can you please look into this and let me know what happened?",transfer_fee_charged,39
i can't find out how to top-up my account using cash.,top_up_by_cash_or_cheque,33
i want to make an online purchase but i don't want to use my credit card. can you tell me how a disposable virtual card works and where i can apply for one?,get_disposable_virtual_card,22
what happened to the money that i deposited?,top_up_reverted,36
may i get one of your cards? i live in the eu.,country_support,14
can i electronically transfer funds into my account from my american express?,supported_cards_and_currencies,31
what currencies are accepted for adding money?,supported_cards_and_currencies,31
i'm pretty sure my top up is still pending.,pending_top_up,28
i want to stop my account,terminate_account,32
"i am not a premium customer but i want a virtual card, how do i get it",disposable_card_limits,17
an incorrect exchange rate was applied to an item i bought.,card_payment_wrong_exchange_rate,10
can my password be reset if i do not have it?,passcode_forgotten,25
how long do i wait for my pin,get_physical_card,23
i am having problems with a top-up.,top_up_failed,34
why is my exchange rate wrong?,card_payment_wrong_exchange_rate,10
i was charged more when i transferred!,transfer_fee_charged,39
"i'm out of money, can i add money with my bank?",transfer_into_account,40
how do i exchange my gbp to aud?,exchange_via_app,19
what types of fiduciary currencies are supported for tenure and exchange?,fiat_currency_support,21
what does it mean when it says i have a payment pending?,pending_card_payment,26
how do i actually obtain a card myself?,order_physical_card,24
what cards and currencies will suffice?,supported_cards_and_currencies,31
i think that there was an error in calculating the exchange rate. i recently withdrew cash and received much less than expected.,wrong_exchange_rate_for_cash_withdrawal,44
where can i change my address?,edit_personal_details,18
what is the process to create a disposable virtual card?,get_disposable_virtual_card,22
where do my fund come from?,verify_source_of_funds,42
"please, how do i order a card?",order_physical_card,24
the app says i got cash from an atm but i didn't,cash_withdrawal_not_recognised,11
am i allowed to transfer money to a beneficiary?,beneficiary_not_allowed,4
how do i transfer money between two of my accounts?,transfer_into_account,40
what kind of security protects my money?,verify_source_of_funds,42
i question today's exchange rate for rubles into pounds. i was hoping for a better return.,card_payment_wrong_exchange_rate,10
how do i report possible fraudulent activity on my account?,compromised_card,13
why isn't my top up showing? was the money reversed?,top_up_reverted,36
i need to close my account as soon as possible.,terminate_account,32
i topped up but it didn't complete,pending_top_up,28
i have questions about how to transfer money to my account.,transfer_into_account,40
why top up is not working even if i got my american express in apple bay?,apple_pay_or_google_pay,2
there should be a cash withdrawal that i haven't seen yet.,pending_cash_withdrawal,27
is there a possibility to open an account for my sons and daughters?,age_limit,1
i require verification of my source of funds.,verify_source_of_funds,42
what countries are getting support?,country_support,14
the card has suffered a security breach.,compromised_card,13
what forms of payment do you accept?,supported_cards_and_currencies,31
i am not sure but someone else might be using my card,compromised_card,13
i would like to pay by cheque.,top_up_by_cash_or_cheque,33
why can i not get cash from the atm?,declined_cash_withdrawal,16
how can i update my personal information after moving?,edit_personal_details,18
i had an unexpected fee,transfer_fee_charged,39
i put some money in my account the other day but now its gone? why is this?,top_up_reverted,36
what are disposable virtual cards?,get_disposable_virtual_card,22
the card pin?,get_physical_card,23
how are currencies exchanged?,exchange_via_app,19
i would like to know the countries you are offer services in?,country_support,14
i'm not happy with service and would like to delete this account.,terminate_account,32
can someone help with my passcode?,passcode_forgotten,25
how can i transfer money using my credit card?,topping_up_by_card,37
how do i update my address?,edit_personal_details,18
"what's going on with the top-up? all it says is pending, pending, pending! i use your service several times a week and have never had a problem before! what's going on here?",pending_top_up,28
i would like to better understand why my pass-code is not working.,passcode_forgotten,25
what does a pending cash withdrawal mean?,pending_cash_withdrawal,27
i want to top up by card,topping_up_by_card,37
how come i can't find anywhere to load using cash,top_up_by_cash_or_cheque,33
how do i cancel my transaction?,cancel_transfer,5
"a 500 pound cash withdrawal was just made from my account, but i didn't make it. i am pretty sure my card has been compromised - can you help me?",cash_withdrawal_not_recognised,11
can you please tell me why my cash withdrawal is still pending?,pending_cash_withdrawal,27
what are the disposable card limits?,disposable_card_limits,17
my topping up didn't go through.,top_up_failed,34
which fiat currencies are supported?,fiat_currency_support,21
where do i go to top up with cash?,top_up_by_cash_or_cheque,33
how do i change my information?,edit_personal_details,18
i need to make several disposable cards per day.,disposable_card_limits,17
i'v exhausted all the of times i can try my pin,pin_blocked,29
can someone assist me with explaining how i can unblock my pin?,pin_blocked,29
what kind of cards an currency do you support?,supported_cards_and_currencies,31
i have a duplicate payment showing up on the app. how do i stop myself being charged for the thing twice?,transaction_charged_twice,38
i noticed that there's a payment on my card that's pending.,pending_card_payment,26
"i recently got a new place while i'm staying abroad and have been using this account to manage payments, but suddenly i am seeing fees increase. where are these additional fees coming from?",transfer_fee_charged,39
who do i make a check out to if i want to top off my account?,top_up_by_cash_or_cheque,33
can i change my information?,edit_personal_details,18
"if there isn't much money left over, will it top-up automatically?",automatic_top_up,3
my refund doesn't seem to be showing on my statement.,Refund_not_showing_up,0
is there a way to change name?,edit_personal_details,18
can my teenager have an account?,age_limit,1
what is the number of transactions for one disposable card?,disposable_card_limits,17
in what way can i use the disposable cards?,get_disposable_virtual_card,22
what is the transfer fee charge?,transfer_fee_charged,39
is there a way to transfer funds directly from my card?,topping_up_by_card,37
why i'm i being charged an extra pound,extra_charge_on_statement,20
"last saturday, i made a payment and the exchange rate was wrong. i was charged too much.",card_payment_wrong_exchange_rate,10
i am missing a refund amount on my account.,Refund_not_showing_up,0
is there something blocking me from making transfers,beneficiary_not_allowed,4
i have trouble proving my identity.,unable_to_verify_identity,41
what areas are cards delivered to?,order_physical_card,24
why is my beneficiary not being allowed to get payment services?,beneficiary_not_allowed,4
"my wallet isn't showing my top-up, did i do something wrong?",topping_up_by_card,37
i'm supposed to have a refund but it isn't there,Refund_not_showing_up,0
why is the cash withdraw i made shown as pending?,pending_cash_withdrawal,27
my credit card seems to have been declined for top up. why is it not going through? can you tell me what's going on?,top_up_failed,34
i want to close my account due to poor customer service.,terminate_account,32
can i change my pin on holiday?,change_pin,12
am i charged a fee to transfer funds?,transfer_fee_charged,39
where did my deposit for my source of funds come from?,verify_source_of_funds,42
"if i order a new card, how much will it be and how long will it take me to get it?",card_about_to_expire,6
i sent a payment to the wrong account number - can that transaction be reversed? i am worried about accidentally giving my money away.,cancel_transfer,5
"i was overcharged at an atm while on vacation. i needed cash so i had to use it, but your charges are outregous and i wish i would have known beforehand.",wrong_exchange_rate_for_cash_withdrawal,44
"what currencies can i not hold many in, if so what are they?",fiat_currency_support,21
can i cancel this purchase?,request_refund,30
can i use american express with apple pay? why does it make my top up not work?,apple_pay_or_google_pay,2
"my beneficiary is not allowed, please may i have answer as to why this is?",beneficiary_not_allowed,4
how old do i need to be to get an account for myself,age_limit,1
can you please help me in canceling my order.,request_refund,30
there are two of the same charges on my account.,transaction_charged_twice,38
what should i do if i think there are unauthorized transactions?,compromised_card,13
how do i verify my source of funds?,verify_source_of_funds,42
how many transactions can i do with a disposable card?,disposable_card_limits,17
2 weeks ago i ordered my new card. it isn't here. what should i do?,card_arrival,7
why was my cash withdrawal cancelled at the atm?,declined_cash_withdrawal,16
do you know if there is a tracking number for the new card you sent me?,card_arrival,7
i have a disposable virtual card. is there a limit to how many times i can use it?,disposable_card_limits,17
what currencies can be exchanged in the app?,exchange_via_app,19
why isn't a refund showing on my statement?,Refund_not_showing_up,0
my top up didn't go through,top_up_failed,34
i cannot see a refund in my account,Refund_not_showing_up,0
i have paid by my card but payment is still its coming as pending. i think there is some issue please check and let me know when the status will complete.,pending_card_payment,26
i added money to the card but the transaction didn't go through,pending_top_up,28
what do i do to unblock my pin?,pin_blocked,29
are you able to explain the restrictions of the disposable cards?,disposable_card_limits,17
i want this fee reversed from my account.,request_refund,30
how do i top up?,transfer_into_account,40
i have been charged twice,transaction_charged_twice,38
do i need to use a limit on top-ups?,top_up_limits,35
"i see in the app some cash was withdrawn, but it's not mine.",cash_withdrawal_not_recognised,11
my card needs to be topped up.,topping_up_by_card,37
"may monthly payment to apple has been declined but i don't know why, they are going to re-try the payment and it must go through, can you tell me what is going on please?",declined_card_payment,15
why was my withdrawal requested cancelled by the atm?,declined_cash_withdrawal,16
"i didn't get as much cash as i asked for from the atm, why?",wrong_amount_of_cash_received,43
"how long is a top up supposed to be pending, because an hour is too long! can you fix this to go through?",pending_top_up,28
i think someone else is using my card. there are transactions i didn't make.,compromised_card,13
can i exchange currencies with this app?,exchange_via_app,19
can you assist on apple watch top ups?,apple_pay_or_google_pay,2
my card won't work at all for anything.,card_not_working,9
where can i modify my information?,edit_personal_details,18
i don't want the transaction to go through now,cancel_transfer,5
what currencies do you do exchanges for?,fiat_currency_support,21
how do i cancel my account,terminate_account,32
i don't recognise a cash withdrawal,cash_withdrawal_not_recognised,11
can it automatically top up my account?,automatic_top_up,3
cancelling a transaction,cancel_transfer,5
why did it cost money to transfer funds?,transfer_fee_charged,39
i was charged multiple times at the same location at the same time,transaction_charged_twice,38
why would my top up be reverted?,top_up_reverted,36
"my money's disappeared from my account! i topped up the other day and it was there, but now it's not. help?",top_up_reverted,36
how can i create many temporary cards daily?,disposable_card_limits,17
why is my withdrawl to cash still pending?,pending_cash_withdrawal,27
can i order a card?,order_physical_card,24
where is my pin located?,get_physical_card,23
"when i put the wrong pin too much, i got blocked, so can you help me unblock my pin",pin_blocked,29
please explain how disposable virtual card work.,get_disposable_virtual_card,22
is there a limit for top ups?,top_up_limits,35
i just got an email in confirming my purchase with my card. i login to the mobile app on the card and found out there are several purchase were made without me aware of it. evidently someone had stole my card information and made these fraudulent purchase. i need the transaction to be reverse and have my card suspended.,compromised_card,13
i am very upset that i went to use my new card today and it kept getting declined. why is this happening and what do i do to not have it declined?,declined_card_payment,15
"once my card expires, what should i do?",card_about_to_expire,6
i need to know if you will accept my credit card.,supported_cards_and_currencies,31
what methods can i use to top up my account?,top_up_by_cash_or_cheque,33
how old do i have to be to open an account?,age_limit,1
my top-up has been reverted and i would like to know why.,top_up_reverted,36
how do i know which countries you provide service in?,country_support,14
i want to know if there is a maximum i can top up.,top_up_limits,35
is it possible for me to top up with cash?,top_up_by_cash_or_cheque,33
"i ordered a card a week ago, and it's still not here. what do i do?",card_arrival,7
is there an amount limit to my top-up?,top_up_limits,35
i see cash in my app but i did not get it.,cash_withdrawal_not_recognised,11
my card payment wasn't declined,declined_card_payment,15
the application reverted my top-up.,top_up_reverted,36
how do i find top up for cash deposit,top_up_by_cash_or_cheque,33
can you unblock my account? i entered the pin wrong.,pin_blocked,29
i would like to cancel my previous purchase.,request_refund,30
for what reason can i not transfer money to a beneficiary?,beneficiary_not_allowed,4
i cannot try my pin anymore.,pin_blocked,29
how do i receive a physical card?,order_physical_card,24
why will my transfer not go through?! keep getting an error message.,beneficiary_not_allowed,4
how to receive the actual card,order_physical_card,24
why has my top-up not worked?,top_up_failed,34
"i was wondering why my payment hasn't gone through yet, its been a while.",pending_card_payment,26
this stupid system is not letting me prove my identity.,unable_to_verify_identity,41
i purchased this item and would like a refund,request_refund,30
i was charged a fee for my transfer.,transfer_fee_charged,39
how can i solve my issue with holding multiple currencies?,fiat_currency_support,21
can i get a card if i don't reside in the uk?,country_support,14
"my funds are low, can i auto top up?",automatic_top_up,3
how do i make sure i don't run out of money on my card while traveling?,automatic_top_up,3
the app will not let me into my account.,unable_to_verify_identity,41
can i use apple pay to top up?,apple_pay_or_google_pay,2
i don't have a pin at this point.,get_physical_card,23
is it possible to change my address?,edit_personal_details,18
what's the maximum amount i can top up my card with please?,top_up_limits,35
what should i do if my physical card isn't working?,card_not_working,9
"so, i tried topping up my card for the today. unfortunately, it failed. a couple of days back i used it and it works fine. can you double check and tell me what's going on?",top_up_failed,34
what countries do you operate in?,country_support,14
which flat currencies are supported for holding and exchange?,fiat_currency_support,21
there is a single payment on my card which shows as pending.,pending_card_payment,26
do you offer cards for those in other countries?,country_support,14
what are my bank details so i can do a transfer?,transfer_into_account,40
how do i use disposable cards?,get_disposable_virtual_card,22
my bill shows the same charge more than once,transaction_charged_twice,38
do you accept cheques for top ups?,top_up_by_cash_or_cheque,33
is there a reason my top up hasn't gone through,pending_top_up,28
why is there a random withdrawal in my app?,cash_withdrawal_not_recognised,11
i have a new email.,edit_personal_details,18
is it possible to open an account for my children?,age_limit,1
can you please check if i was charged twice?,transaction_charged_twice,38
i am being charged a pound out of nowhere. what is this?,extra_charge_on_statement,20
need to exchange currencies,exchange_via_app,19
i would like to request a card.,order_physical_card,24
is it possible to exchange currencies on the app?,exchange_via_app,19
what are the rules for using disposable virtual cards?,disposable_card_limits,17
where do you support?,country_support,14
"i don't find your services useful anymore, how do i delete my account?",terminate_account,32
tell me about the limit for top ups.,top_up_limits,35
i ordered my card but it still isn't here,card_arrival,7
i noticed my card was used in a small town that i have never been to. can you stop the card from being used more?,compromised_card,13
someone that i had to send money to told me that they didn't receive the full amount i sent them - can you look into this?,transfer_fee_charged,39
is there a way to undo a transaction?,cancel_transfer,5
will the system automatically top up itself?,automatic_top_up,3
i would like to alter my personal details.,edit_personal_details,18
when i travel can it top up automatically,automatic_top_up,3
send me my card now! asap,card_delivery_estimate,8
i want to talk about an order that i placed a long time ago and have yet to receive. i demand a refund due to lack of delivery of the product! i refuse to pay for something i never got.,request_refund,30
how can i process a refund for something i purchased?,request_refund,30
"it looks like someone besides me ordered something with my card, what should i do?",compromised_card,13
how come i was declined,declined_cash_withdrawal,16
i want to know where the funds come from.,verify_source_of_funds,42
auto-top up option can be found where?,automatic_top_up,3
what different currencies can i get?,exchange_via_app,19
seems like my top-up has not gone through,pending_top_up,28
what do i do if my pin was blocked?,pin_blocked,29
how many disposable cards are available per account?,disposable_card_limits,17
i got charged a fee for transferring money.,transfer_fee_charged,39
what countries are supported?,country_support,14
i have a cryptocurrency exchange that won't go through. please help me process it.,beneficiary_not_allowed,4
my pin hasn't arrived in the post! how do i cancel it or get a new one?,get_physical_card,23
was my top up reversed?,top_up_reverted,36
says that my top-up is incomplete?,pending_top_up,28
how can i go about getting a disposable virtual card?,get_disposable_virtual_card,22
is there a reason there's an extra fee on my statement?,extra_charge_on_statement,20
how do i re-order a damaged card?,card_not_working,9
why was i charged twice for the same transaction?,transaction_charged_twice,38
how do i go forth with bank transfers for top up accounts?,transfer_into_account,40
does the app top up automatically?,automatic_top_up,3
i have been charged twice for the same transaction.,transaction_charged_twice,38
why was i not able to take cash from the atm?,declined_cash_withdrawal,16
"suddenly, my card won't work.",card_not_working,9
"my card will expire soon, when do i need to order a new one?",card_about_to_expire,6
i only got some of the cash i requested from the atm,wrong_amount_of_cash_received,43
can you tell me how to tell where my funds come from?,verify_source_of_funds,42
how come i can't put money in my top up account?,top_up_reverted,36
how do i change to aud from gbp?,exchange_via_app,19
there is a cash withdrawal from an atm listed but i don't remember making this withdrawal.,cash_withdrawal_not_recognised,11
"i have enough money in my account, so why is my card being declined?",declined_card_payment,15
can you tell me about these disposable virtual cards?,get_disposable_virtual_card,22
how long will i have to wait for my new card?,card_delivery_estimate,8
i bought something in a foreign currency but the rate applied is wrong!,card_payment_wrong_exchange_rate,10
i am unable to access my app due to forgetting my passcode.,passcode_forgotten,25
"hello, i'm having trouble with my card, i don't understand what's happening, i tried using the atm machine earlier but it wasn't working but seems like the transactions is still in progress, can you cancel it for me?",pending_cash_withdrawal,27
"i did a payment with my card but seem that didn't work, it's still listed as pending since a while ago. when does this actually go through?",pending_card_payment,26
can you walk me through how i can edit some of my personal information?,edit_personal_details,18
i wasn't able to do a transfer to an account,beneficiary_not_allowed,4
should i contact customer support if i can't edit details,edit_personal_details,18
"hi, i was at a restaurant later the week and when i went to look at my account i noticed that i got charged twice. i would like to get my money back from one of those transactions.",transaction_charged_twice,38
what are the rules for transferring to a beneficiary?,beneficiary_not_allowed,4
any chance of getting the card outside the uk?,country_support,14
"i went to the store and tried to make a purchase. the first time, it was declined, but the second one went through. but my app shows me that i've already been charged once and the second charge is still pending. can you make sure that i'm not charged twice?",transaction_charged_twice,38
"i already made a transfer and want to cancel it, how do i do that?",cancel_transfer,5
"i need a new card, my old card is expiring.",card_about_to_expire,6
does the auto top-up have any limits?,automatic_top_up,3
how would i use my money in a different country?,exchange_via_app,19
tell me how to replace my expired card.,card_about_to_expire,6
how do i report a cash withdrawal that wasn't me?,cash_withdrawal_not_recognised,11
what is the process for unlocking the pin?,pin_blocked,29
"when i got cash, my exchange rate was wrong.",wrong_exchange_rate_for_cash_withdrawal,44
how do i apply for a refund?,request_refund,30
is there a reason for my top up to be cancelled?,top_up_reverted,36
"there is a pending transaction on my account, what does this mean?",pending_card_payment,26
how much could i top up?,top_up_limits,35
why has my beneficiary been denied?,beneficiary_not_allowed,4
my card stopped working after multiple transactions. why?,card_not_working,9
is there a top-up limit?,top_up_limits,35
my card has been compromised,compromised_card,13
i just lost my wallet and i think someone is using my card to withdraw my money. can you please cancel or freeze my card?!!,cash_withdrawal_not_recognised,11
what do i do if my card is about to expire?,card_about_to_expire,6
i would like to top up my account automatically. how do i do that?,automatic_top_up,3
why won't my card work anymore?,card_not_working,9
i'm not able to verify my identity.,unable_to_verify_identity,41
can i resent my passcode?,passcode_forgotten,25
what apps can i use to top up my account?,top_up_by_cash_or_cheque,33
what are the various currencies and cards that you offer support for?,supported_cards_and_currencies,31
is a bank transfer acceptable for topping up my account?,transfer_into_account,40
"how do i reset a forgotten passcode, please?",passcode_forgotten,25
how can i lookup where funds came from?,verify_source_of_funds,42
i was charged a fee for a transfer.,transfer_fee_charged,39
is there such thing as an auto top-up option?,automatic_top_up,3
how old do we have to be?,age_limit,1
"hi, i am interested buying crypto currency but unable to purchase it through the application. i do want to do the exchange, could you please let me know what is the problem?",beneficiary_not_allowed,4
how long should it take for my new card to arrive in them mail? what should i do if i never receive it?,card_arrival,7
i need information explaining why my top-up failed to go through,top_up_failed,34
i am not able to see the card pin anywhere?,get_physical_card,23
can i get a refund?,request_refund,30
i was issued a new card a week ago but still haven't received it. how long will it be until i receive it?,card_arrival,7
no refund showing in my statement.,Refund_not_showing_up,0
i just got married and i need to change my name,edit_personal_details,18
i have no idea why there is a dollar that has been charged to my account.,extra_charge_on_statement,20
i dont have a pin,get_physical_card,23
how do i find my card pin?,get_physical_card,23
should i be seeing a fee applied for my money transfer?,transfer_fee_charged,39
is there an auto top up option?,automatic_top_up,3
"i am traveling, what can i do to set up auto top-up?",automatic_top_up,3
will the duplicated payment be refunded?,transaction_charged_twice,38
is a non-electronic card available as well,order_physical_card,24
why do i have a pending cash withdrawal?,pending_cash_withdrawal,27
how do i go about changing my address?,edit_personal_details,18
what do i do to top up my card?,topping_up_by_card,37
how can i receive verification for the source of my funds?,verify_source_of_funds,42
my statement is showing an extra 1 charge and i am unsure why. is there an explanation for this?,extra_charge_on_statement,20
how can a payment be declined,declined_card_payment,15
what do i need to bring for identification?,unable_to_verify_identity,41
i can't seem to use my card. can you help?,card_not_working,9
the app won't identify me.,unable_to_verify_identity,41
"i've just come back from an eating holiday in the usa and canada and have so many pending and duplicated transactions on my account. i think there is something wrong, can you look in to it please?",transaction_charged_twice,38
can i get a refund on an item?,request_refund,30
"i didn't want to make a transaction, i want to revert it",cancel_transfer,5
"my transfer was wrong, are you able to stop it before it goes through please?",cancel_transfer,5
i think someone else is using my card.,compromised_card,13
can i use check to deposit?,top_up_by_cash_or_cheque,33
why is there are there two of the same transaction?,transaction_charged_twice,38
i have a fee listed for a transfer.,transfer_fee_charged,39
why has my top up been returned?,top_up_reverted,36
can i use top-up with apple pay?,apple_pay_or_google_pay,2
someone else used my card!,compromised_card,13
my credit card got declined for top up! what's going on? can you check on why it didn't go through?,top_up_failed,34
there's a cash withdrawal i didn't make,cash_withdrawal_not_recognised,11
i want to use bank transfer for topping up my account. how is it handled?,transfer_into_account,40
my card was used without my permission.,compromised_card,13
i'm having trouble verifying my id.,unable_to_verify_identity,41
"i want to reset my passcode, how can i do that?",passcode_forgotten,25
next time maybe let people know that buying things from another country costs extra. i used my card to purchase an item from another country and i was charged for the item and also an extra fee it looks like. i wasnt aware of this and i think i should get a refund.,transfer_fee_charged,39
can i revive a physical card.,order_physical_card,24
how do i query a payment on my card? it looks like i have paid for the same thing twice.,transaction_charged_twice,38
i have a payment which has not been approved.,pending_card_payment,26
should i just wait until the post office sends a change of address form?,edit_personal_details,18
someone used my card without my permission.,compromised_card,13
my top up isn't in my wallet.,topping_up_by_card,37
"to deliver to the us, how long will it take?",card_delivery_estimate,8
"will you accept my credit card, it my only one.",supported_cards_and_currencies,31
"if i will be traveling, is there a way to auto top-up my card on certain days?",automatic_top_up,3
is there a disposable virtual card option?,get_disposable_virtual_card,22
which currencies are allowed?,fiat_currency_support,21
why won't my top up go through?,top_up_reverted,36
what is the 1 transaction on my account?,extra_charge_on_statement,20
where can i go to modify my detail?,edit_personal_details,18
i had the wrong exchange rate applied to some cash i got abroad.,wrong_exchange_rate_for_cash_withdrawal,44
my transaction is still showing that is pending from my cash withdrawal.,pending_cash_withdrawal,27
can you elaborate on why i have an extra charge just for transferring?,transfer_fee_charged,39
i do not understand why my pass-code is not working.,passcode_forgotten,25
please help me. i am still waiting on a refund.,Refund_not_showing_up,0
help me verify my identify?,unable_to_verify_identity,41
can i have it delivered on the date i need it delivered?,card_delivery_estimate,8
where is the card pin located?,get_physical_card,23
"i attempted to top up my car today, it failed! i just got it a couple of days before and it worked then. what is going on with it?",top_up_failed,34
was there a problem with topping up?,top_up_failed,34
can i add money to my account with cash?,top_up_by_cash_or_cheque,33
how do i change my currency to another?,exchange_via_app,19
do you support other currencies?,fiat_currency_support,21
"i did not receive my purchase, how do i cancel it?",request_refund,30
are there any places that i can't use the disposable cards at?,disposable_card_limits,17
i don't have my card in 1 week. should i be worried?,card_arrival,7
is it possible to get a real card?,order_physical_card,24
what happened to my top-up?,top_up_reverted,36
can i use app to unblock my card?,pin_blocked,29
can you tell me when my card will arrive?,card_delivery_estimate,8
how can i top up with a cheque?,top_up_by_cash_or_cheque,33
i bought something and want the money refunded can i get some help with that?,request_refund,30
can i use my bank account to send me more money?,transfer_into_account,40
the exchange rate from my card payment isn't right.,card_payment_wrong_exchange_rate,10
how do i get a new card,order_physical_card,24
tell me how i can order my card.,order_physical_card,24
"i was charged twice for a restaurant, can you take the second charge off?",transaction_charged_twice,38
"for some reason, i'm unable to transfer funds.",beneficiary_not_allowed,4
why does my statement have an extra fee?,extra_charge_on_statement,20
i tried to top up and suddenly my money disappeared,topping_up_by_card,37
the app failed to verify my identity.,unable_to_verify_identity,41
can you tell me the countries you operate in?,country_support,14
could my daughter open an account?,age_limit,1
what are the steps i need to take to cancel a transaction?,cancel_transfer,5
"my card is broke, what do i do?",card_not_working,9
how often can i top up?,top_up_limits,35
i wish to remove my account.,terminate_account,32
they used the wrong rate when i made a purchase with foreign currency.,card_payment_wrong_exchange_rate,10
"i asked for a refund last week but nothing has happened yet, can you help me please?",Refund_not_showing_up,0
i checked on google and the exchange rate you are using is really bad. can you update it?,card_payment_wrong_exchange_rate,10
how do i request the pin?,get_physical_card,23
i am confused about your fee structure and was disappointed to see a fee for my transfer.,transfer_fee_charged,39
i couldn't transfer to an account.,beneficiary_not_allowed,4
i think the exchange rate was incorrect.,wrong_exchange_rate_for_cash_withdrawal,44
where is the tracking number for the card?,card_arrival,7
this company sucks! can you delete my account?,terminate_account,32
when going to the atm to take out some cash today my withdrawal was declined. i need to fix this problem as soon as possible. whats going on?,declined_cash_withdrawal,16
can i choose the day it's delivered?,card_delivery_estimate,8
can i exchange usd for gbp in your app?,exchange_via_app,19
how can i create a disposable virtual card?,get_disposable_virtual_card,22
what fiat money can i used in the exchange and holding?,fiat_currency_support,21
show me the amount of transactions i can do with a disposable card.,disposable_card_limits,17
my app shows some cash i didn't get.,cash_withdrawal_not_recognised,11
i want to end my account,terminate_account,32
i forgot the code to access the app.,passcode_forgotten,25
i need to terminate my account.,terminate_account,32
"i need to refund my item, can you please help?",request_refund,30
i want to choose a new pin.,change_pin,12
what is the maximum number of transactions i can make with one card?,disposable_card_limits,17
are there age requirements,age_limit,1
help me cancel my transaction,cancel_transfer,5
can you tell me how long it takes for a new card to come?,card_delivery_estimate,8
i noticed a charge for a transfer. why is this? is it because i did an international transfer?,transfer_fee_charged,39
who is giving me my money?,verify_source_of_funds,42
is there a way to top up using my apple watch?,apple_pay_or_google_pay,2
i believe my top up is still pending,pending_top_up,28
"who do i talk to, to cancel a transfer?",cancel_transfer,5
i must make several disposable cards per day.,disposable_card_limits,17
i didn't receive the correct amount of cash when i exchanged it overseas.,wrong_exchange_rate_for_cash_withdrawal,44
i moved and need to change my address.,edit_personal_details,18
what fiat currencies are used for holdings?,fiat_currency_support,21
can my account be topped up by my friends?,topping_up_by_card,37
how can i edit my personal details in the app?,edit_personal_details,18
i have forgotten my password.,passcode_forgotten,25
i live in the us can i still get a card?,country_support,14
a transfer to my account was denied.,beneficiary_not_allowed,4
help me terminate and close my account.,terminate_account,32
can i top-up by cheque?,top_up_by_cash_or_cheque,33
how can i exchange to eur?,fiat_currency_support,21
need to know where money comes from,verify_source_of_funds,42
where do i access the auto top-up function?,automatic_top_up,3
tell me if there is a top-up limit.,top_up_limits,35
the cash i deposited using the atm is still pending,pending_cash_withdrawal,27
is ordering a new card from china available?,card_about_to_expire,6
what should i do if i think someone is using my card.,compromised_card,13
how do i track my card?,card_arrival,7
i need to know which flat currencies are supported by you.,fiat_currency_support,21
i have an incorrect charge and would like a refund.,request_refund,30
it does not appear that my message went through.,top_up_failed,34
the app failed to verify me.,unable_to_verify_identity,41
where do i go to change my account details?,edit_personal_details,18
i entered my pin wrong too many times.,pin_blocked,29
can you help me track my card?,card_arrival,7
my refund isn't going fast enough.,Refund_not_showing_up,0
what do i do? my card is broken.,card_not_working,9
hey i thought transfers were free. why are you charging me?,transfer_fee_charged,39
"you will hear back from us about your verification results in 10 minutes to a one hour timeframe. if these verification results do fail, please double-check to make sure your images are clear and have no glare or blur your photos need to be fully readable. you need to be 18 years of age or older and a resident of switzerland or the european economic area to create an account.",unable_to_verify_identity,41
what can i expect at card expiration?,card_about_to_expire,6
why is top up not working if i use my american express with my apple pay?,apple_pay_or_google_pay,2
please help me get a refund?,request_refund,30
how to track the card you sent,card_arrival,7
how do i top up on my card?,topping_up_by_card,37
"i've been waiting for something that i've ordered for months now and it still hasn't arrived. i genuinely don't know what this company is doing, but put plainly, i've had enough. please issue a refund immediately, i would not like to waste anymore of my time on these people.",request_refund,30
got married and need to change name,edit_personal_details,18
won't let me top my card up!! who can get it sorted out for me? it's urgent! how do i find out what the problem is with my card and how else to top it up?,top_up_failed,34
my account transfer was blocked.,beneficiary_not_allowed,4
how do i exchange currencies using this app?,exchange_via_app,19
i tried to get cash but it was declined!,declined_cash_withdrawal,16
i need you to cancel a transfer that i made. it is the wrong account number and the app won't let me stop the transaction. please stop it!,cancel_transfer,5
i don't know how to top up my google pay.,apple_pay_or_google_pay,2
is there anyway to use a cheque to top up?,top_up_by_cash_or_cheque,33
"hi, my card is getting declined during top-up. as it urgent, could you please resolve this issue, or guide me with other alternatives if any.",top_up_failed,34
can i cancel my transaction?,cancel_transfer,5
can i wait for you to send me a new card when mine's about to expire?,card_about_to_expire,6
how many disposable cards can i make in a single day?,disposable_card_limits,17
what are the restrictions of the disposable cards?,disposable_card_limits,17
"for god sake, just delete my account i am sick of this",terminate_account,32
i tried to get gas but my money was gone!,topping_up_by_card,37
where can i get a disposable virtual card?,get_disposable_virtual_card,22
can you tell me how to close my account?,terminate_account,32
"when traveling, can i auto top-up my card at certain times?",automatic_top_up,3
how do i go about cancelling a transaction?,cancel_transfer,5
what is the main reason of this problem,card_not_working,9
i think someone stole my card number and brought stuff in different places that i have never been to. i need to suspend any further purchase on my credit card.,compromised_card,13
"i need some help, i thought you guys accepted crypto top ups?? it won't seem to let me do it. i put money in my account and now it's gone and i didn't spend it. where did it go??",top_up_reverted,36
i want to top up my account with a cheque,top_up_by_cash_or_cheque,33
send me a physical card,order_physical_card,24
when shipped to the us how long is delivery time?,card_delivery_estimate,8
i would like to know why a withdraw i made for some cash shows up as pending.,pending_cash_withdrawal,27
"hey i want to get a refund on something i bought, but not sure how to go about it. can you please just cancel the payment, i have not received the item yet.",request_refund,30
when will i get my refund?,Refund_not_showing_up,0
is there a maximum i can top up?,top_up_limits,35
"the exchange rate you're using is terrible - this can't be the official interbank exchange rate, can it?",card_payment_wrong_exchange_rate,10
is it possible for a person who lives in the us to get a card?,country_support,14
can i use my mastercard to add money to my account,supported_cards_and_currencies,31
are there limits on the virtual cards?,disposable_card_limits,17
what is the limit to top-up?,top_up_limits,35
are there any express fees if i want my new card faster?,card_about_to_expire,6
how can i transfer money to a beneficiary?,beneficiary_not_allowed,4
how many virtual cards do i get?,disposable_card_limits,17
"i saw on the app that a cash withdrawal was completed on my account however, i did not complete it.",cash_withdrawal_not_recognised,11
are there limits on auto top-up?,automatic_top_up,3
do the disposable cards have restrictions?,disposable_card_limits,17
i've completely forgot the code to get into the app.,passcode_forgotten,25
i was unable to transfer to another account.,beneficiary_not_allowed,4
is there a fee that comes with transfers?,transfer_fee_charged,39
some cash i didn't get shows in my app,cash_withdrawal_not_recognised,11
please cancel the latest atm charge on my card as my card was declined earlier today and i did not receive that cash.,pending_cash_withdrawal,27
my app says that i received cash from an atm and i didn't.,cash_withdrawal_not_recognised,11
i was given less cash then i wanted.,wrong_amount_of_cash_received,43
i requested a refund from a store but it hasn't arrived.,Refund_not_showing_up,0
how old do i need to be?,age_limit,1
i've been waiting ages and my pin hasn't gotten here.,get_physical_card,23
my top-up is taking a while to process!,pending_top_up,28
what is the youngest age in order to have an account?,age_limit,1
do you provide cards to people not in the uk?,country_support,14
what is the source of funds for my money?,verify_source_of_funds,42
can i cancel an order if i haven't received the item yet? and how can i get my money back? please help. thanks.,request_refund,30
"after reviewing my charges, i see i was charged a fee for a transfer i did, why?",transfer_fee_charged,39
can i top up my card with other cards?,supported_cards_and_currencies,31
why have i been charged twice for the same transaction?,transaction_charged_twice,38
my pin is not working and i need assistance.,pin_blocked,29
i need to create several disposable cards per day.,disposable_card_limits,17
what are the reasons why a card payment would be declined?,declined_card_payment,15
where can i locate my pin at?,get_physical_card,23
i am not happy with your company. please delete my account asap.,terminate_account,32
can you check the exchange rate on a cash transaction i did overseas,wrong_exchange_rate_for_cash_withdrawal,44
is my country supported,country_support,14
how come i can't seem to verify my id?,unable_to_verify_identity,41
i don't live in the uk. can i still get a card?,country_support,14
my card hasn't arrived yet.,card_arrival,7
"cash withdrawal has been pending, why is it so?",pending_cash_withdrawal,27
my top-up was reverted by the app.,top_up_reverted,36
i bought an item and now i want a refund.,request_refund,30
please can i get a disposable virtual card as well?,get_disposable_virtual_card,22
can you help me? i have a duplicate transaction on my account and i don't understand why.,transaction_charged_twice,38
where is my pin number located?,get_physical_card,23
my top up isnt working,top_up_failed,34
will i be able to top up by cheque?,top_up_by_cash_or_cheque,33
when do i set up my card pin?,get_physical_card,23
looks like my top up failed.,top_up_failed,34
do i need a pin,get_physical_card,23
my transfer to a beneficiary was rejected.,beneficiary_not_allowed,4
"hi, in morning, i was trying to withdraw money from my card, but it got declined. so far it was working fine. could you please check my card.",declined_cash_withdrawal,16
can my pin be changed in any cash machine?,change_pin,12
what is the age limit for an account?,age_limit,1
why hasn't my top up gone through?,pending_top_up,28
need to know if there is a maximum i can top up,top_up_limits,35
i don't like your company. delete my account.,terminate_account,32
what cards and currencies are accepted?,supported_cards_and_currencies,31
"some cash was withdrawn in the app, but i did not do it.",cash_withdrawal_not_recognised,11
what is the top up limit,top_up_limits,35
when can i expect my card to arrive?,card_delivery_estimate,8
will my pin number be sent with my card?,get_physical_card,23
how long does my top up pending last?,pending_top_up,28
when do i receive my pin,get_physical_card,23
"i was charged twice, when i didn't purchase anything twice.",transaction_charged_twice,38
i made this payment days ago so why hasn't it gone through yet?,pending_card_payment,26
i want to top-up using cash,top_up_by_cash_or_cheque,33
when can i order a disposable virtual card?,get_disposable_virtual_card,22
my statement has not shown my refund.,Refund_not_showing_up,0
how can i transfer money between accounts?,transfer_into_account,40
please close my account. i am unsatisfied with your service.,terminate_account,32
can i top up using my apple watch?,apple_pay_or_google_pay,2
how do i get a card if i live in the us?,country_support,14
i made a purchase and was charged at the wrong foreign exchange rate.,card_payment_wrong_exchange_rate,10
"the app isn't letting me log in, but my info is correct.",unable_to_verify_identity,41
which cards do you support for top up?,supported_cards_and_currencies,31
besides usd what other currencies can i have?,fiat_currency_support,21
can i set it up to add money every few days automatically while i am traveling?,automatic_top_up,3
how can i transfer funds from my bank to my top up account?,transfer_into_account,40
how is my atm deposit not available yet?,pending_cash_withdrawal,27
i have a missing refund,Refund_not_showing_up,0
is there a way to know when my card will arrive?,card_arrival,7
i would like help to revert a transaction i did this morning,cancel_transfer,5
i got married and need to change my name.,edit_personal_details,18
i can't use top up on google pay.,apple_pay_or_google_pay,2
i would like to know how to work out where my funds came from?,verify_source_of_funds,42
what is the maximum number of transactions that i can put on a disposable card?,disposable_card_limits,17
i would like to transfer funds from one account to another.,transfer_into_account,40
how come there is a duplicate charge on my card?,transaction_charged_twice,38
can you tell me what i need to do to have my pin changed?,change_pin,12
what do you use disposable cards on?,get_disposable_virtual_card,22
i have noticed that my account was double charged for a couple of items this week. please review and refund the double charged items back.,transaction_charged_twice,38
what is the refund procedure?,request_refund,30
where can i find my pin? i haven't gotten it yet.,get_physical_card,23
what is the expected delivery date for my card?,card_arrival,7
"i need to transfer money into my account, how do i go about doing this?",transfer_into_account,40
i need to know how much it costs to transfer funds.,transfer_fee_charged,39
what do i need to do for a pin?,get_physical_card,23
"next month my card will expire, do i need to order a new one?",card_about_to_expire,6
i want to get a disposable virtual card.,get_disposable_virtual_card,22
i tried to transfer cryptocurrency into my account but was denied,beneficiary_not_allowed,4
why was i charged twice for my item!,transaction_charged_twice,38
is it possible to do auto top up?,automatic_top_up,3
how can i tell what the limit is to top-ups?,top_up_limits,35
when will my returned transaction show up on my account?,Refund_not_showing_up,0
how do i use the disposable cards?,get_disposable_virtual_card,22
i got less cash than what i specified at the atm.,wrong_amount_of_cash_received,43
how can i change my password?,passcode_forgotten,25
i want my card frozen right away. money was taken out in an odd location i have never heard of.,cash_withdrawal_not_recognised,11
i need to delete my account.,terminate_account,32
how do i set-up my pin for the new card?,get_physical_card,23
i just got my new card but am not sure how to check its pin.,get_physical_card,23
i am waiting for a payment to go through.,pending_card_payment,26
can you please tell me where my card is? i ordered it 2 weeks ago!,card_arrival,7
"my pin has been blocked, what should i do?",pin_blocked,29
"i used my card to top up, but the money is not there!",topping_up_by_card,37
this isn't fair! i thought transfers could be made for free. i just made a purchase online from abroad and now see some strange fee that i've never seen before.,transfer_fee_charged,39
i have a service fee that i've never seen before. it showed up after i bought something from an international seller online.,transfer_fee_charged,39
why could i not get cash?,declined_cash_withdrawal,16
"would you please tell me the status of my refund request for a large purchase i made not long ago? i contacted the merchant nearly a week ago, but haven't received it.",Refund_not_showing_up,0
can you unblock my blocked pin?,pin_blocked,29
"if my pin number is rejected, how do i solve it?",pin_blocked,29
i'm not sure how to provide my identity.,unable_to_verify_identity,41
can i change the amount i made on a payment that i made to the payment is correct.,cancel_transfer,5
how do i know when my card will expire?,card_about_to_expire,6
why didn't i get the amount i requested at the atm?,wrong_amount_of_cash_received,43
what is the limit to top up?,top_up_limits,35
my money hasn't been deposited yet. when will it be?,pending_top_up,28
why isn't my top up showing on my wallet?,topping_up_by_card,37
i hate this company! can you delete my account?,terminate_account,32
tell me how to setup a new pin.,change_pin,12
"how can i get a new card asap to replace an old, soon to expire one?",card_about_to_expire,6
can you tell me where to find top up by cash deposit?,top_up_by_cash_or_cheque,33
can i get a virtual card online,get_disposable_virtual_card,22
"i read about the auto-top up function, but can't find it in the app.",automatic_top_up,3
how do i fix my card if it is broken?,card_not_working,9
why are my withdrawals suddenly being declined?,declined_cash_withdrawal,16
"my card payment is still on hold, why is it so?",pending_card_payment,26
i would like to change my pin.,change_pin,12
this exchange rate you use is awful! please tell me this is a mistake and not the official interbank exchange rate!,card_payment_wrong_exchange_rate,10
how long does it take for a pending cash withdrawal?,pending_cash_withdrawal,27
why hasn't my top-up been completed?,pending_top_up,28
i want to exchange usd and gbp with the app,exchange_via_app,19
if im not using my account should i close it or just let it sit,terminate_account,32
can someone please explain to me where my source of funds came from?,verify_source_of_funds,42
i need this item refunded,request_refund,30
there is a charge for an additional pound.,extra_charge_on_statement,20
after taking over my card transactions i noticed that was charged twice for a restaurant purchased from earlier this week. can you please remove one of these transactions from my account since it is not accurate?,transaction_charged_twice,38
please tell me where i can update my details since i moved.,edit_personal_details,18
i made a card payment which is showing me pending.,pending_card_payment,26
how many transactions can i make with a disposable card,get_disposable_virtual_card,22
i made a card payment by my card but it failed. please let me know when the payment will get completed as its still pending.,pending_card_payment,26
do you guys have any age restrictions?,age_limit,1
i cannot withdraw money from the atm,declined_cash_withdrawal,16
am suspicious of my card's security,compromised_card,13
"hello, i have tried using crypto top up but it is not working. i had some money in my account but i'm not sure what happened",top_up_reverted,36
i was under the impression i can make transfers for free. i made an online purchase for something that was obroad and there's some additional strange fee. i've never seen this before and this isn't fair.,transfer_fee_charged,39
how can i put more money into my account?,top_up_by_cash_or_cheque,33
i was only given 20 after trying to withdraw 100,wrong_amount_of_cash_received,43
is there a limit to top-ups?,top_up_limits,35
"hi, i used an atm today to take money out of my account, but the amount it gave me is not the amount i requested. what should i do?",wrong_amount_of_cash_received,43
i am not recognized by the app.,unable_to_verify_identity,41
the wrong exchange rate was used for my cash withdrawal,wrong_exchange_rate_for_cash_withdrawal,44
i need to know why my credit card was declined for top up? what is the deal here and why did it not go through?,top_up_failed,34
something is wrong with my password.,passcode_forgotten,25
"i locked myself out of my account, how do i unblock my pin?",pin_blocked,29
my refund is missing from my statement.,Refund_not_showing_up,0
which fiat currencies do you currently support? will this change in this future?,fiat_currency_support,21
how can i look at where my available cash is coming from?,verify_source_of_funds,42
i see some transactions that i don't recognize. i think someone stole my details.,compromised_card,13
do you have a limit for someone's age?,age_limit,1
someone might be using my card that is not me.,compromised_card,13
when should i expect my card to arrive?,card_delivery_estimate,8
i am having a problem with verifying my identity.,unable_to_verify_identity,41
"the exchange rate given to me wasn't correct, after i purchased an item",card_payment_wrong_exchange_rate,10
"hi i'm a new customer and tried topping up for the first time today, seems it's not working, the thing shows up as pending since half an hour already! please fix it!",pending_top_up,28
"hi,i tried to get some money out but the machine was not working .the transaction still seems in progress! can you please check what's going on.i don't want to be charged for money that i did not received.",pending_cash_withdrawal,27
i would like to change currency,exchange_via_app,19
is it possible to top up with apple pay?,apple_pay_or_google_pay,2
shouldn't my new card be here by now?,card_arrival,7
when i was abroad the exchange rate for me was wrong.,wrong_exchange_rate_for_cash_withdrawal,44
i am required to make several disposable cards every day.,disposable_card_limits,17
what do i need to do to exchange my money?,exchange_via_app,19
how to change the pin on my card?,change_pin,12
what do i do if my card gets broken?,card_not_working,9
is pin delivered separately?,get_physical_card,23
"hello. i looked at my account and see that a transaction i tried to do is pending, but i did not complete that transaction. when i was at the atm, the machine declined my card. can you make sure that transaction does not go through because i definitely did not receive the money.",pending_cash_withdrawal,27
if my card payment isn't working what do i do?,declined_card_payment,15
what us credit cards do you accept?,supported_cards_and_currencies,31
please help me! my physical card isn't working right.,card_not_working,9
it seems i need to get information on limits for top-ups.,top_up_limits,35
what can i expect if i use bank transfer to top up my account?,transfer_into_account,40
what is your exchange rate between uk pounds and russian rubles for my last transaction,card_payment_wrong_exchange_rate,10
i got a new address and need to change my information.,edit_personal_details,18
i have a cash withdrawal in my statement. why is that?,cash_withdrawal_not_recognised,11
how can i close my account?,terminate_account,32
i did not get the right amount of money when i used a different country's currency.,wrong_exchange_rate_for_cash_withdrawal,44
the exchange rate was incorrect for this item i bought.,card_payment_wrong_exchange_rate,10
i bought an item at the wrong exchange rate.,card_payment_wrong_exchange_rate,10
i am under 18 and i am trying to verify my id. why wont it work?,unable_to_verify_identity,41
how do i receive a refund for my item?,request_refund,30
what's the top-up limit?,top_up_limits,35
do you know the reason why my card payment was declined?,declined_card_payment,15
"i received my new card and tried using it today, just to have it show declined over and over again. why is this happening?",declined_card_payment,15
how do i use a disposable virtual card?,get_disposable_virtual_card,22
"i've just made a money transfer to the wrong account, i need to stop the money from being moved as it may be going to someone i don't know. please can you help?",cancel_transfer,5
how does it work when i transfer money into my account?,transfer_into_account,40
can i purchase with cash or cheque?,top_up_by_cash_or_cheque,33
what information am i going to have to have in order to do a transfer with my card?,topping_up_by_card,37
why does my transaction have an added fee?,extra_charge_on_statement,20
why was i charged a fee when making this transfer when i shouldn't have been?,transfer_fee_charged,39
what if my top up is reverted?,top_up_reverted,36
"there's a 1 fee on my statement, why?",extra_charge_on_statement,20
can i order cards on the app,order_physical_card,24
can you unblock my pin after too many wrong pin attempts?,pin_blocked,29
"hi, i sent a payment to the wrong account number - can you cancel it as soon as possible?",cancel_transfer,5
i have withdrawn cash from the atm but it is showing in my account as a pending transation. why is this?,pending_cash_withdrawal,27
"i would like to top up via credit card, which credit cards do you support?",supported_cards_and_currencies,31
i want to revert a transaction i did,cancel_transfer,5
"i was out today looking forward to paying with my brand new card, turns out the payment just kept getting declined. this is pretty sad, what's going on?",declined_card_payment,15
i dont have identification,unable_to_verify_identity,41
where can i go to update my personal profile?,edit_personal_details,18
where in the european union can i get a card?,country_support,14
what do i do if i got the wrong amount at the atm?,wrong_amount_of_cash_received,43
how many years old do i have to be?,age_limit,1
am i able to return an item for a refund?,request_refund,30
the rate applied to my purchase in a foreign currency was wrong.,card_payment_wrong_exchange_rate,10
please explain to me how to know where my funds are from.,verify_source_of_funds,42
how can i trade currencies with this app?,exchange_via_app,19
hey there's a fee for a transfer on my account. why?!,transfer_fee_charged,39
i made a cash withdrawal earlier and it's showing as pending. what does that mean?,pending_cash_withdrawal,27
my google pay seems to be acting up.,apple_pay_or_google_pay,2
"no transactions are being accepted, what's wrong with my card?",card_not_working,9
what is the minimum age to open an account?,age_limit,1
how do you figure out the exchange rate? can you explain why i got less money than expected?,wrong_exchange_rate_for_cash_withdrawal,44
my card isn't working anymore.,card_not_working,9
"i tried to get money out of an atm in notting hill earlier, but it didn't work. is my card actually working? it's the first time i tried using it",declined_cash_withdrawal,16
my card payment wasn't accepted.,declined_card_payment,15
how long will it take for my top up to work? it's still pending,pending_top_up,28
why can't i withdraw cash from this atm?,declined_cash_withdrawal,16
i am looking to delete my account. i'm not happy with the service provided by you.,terminate_account,32
do i have to talk to someone to close an account or can i in the app,terminate_account,32
why is my payment declined? it looked like everything worked ok and my account was fine.,declined_card_payment,15
i want to order a card. where do you deliver to?,order_physical_card,24
can i top up by cheque?,top_up_by_cash_or_cheque,33
how do i to up by card?,topping_up_by_card,37
"hi, i checked my transactions and saw that i was charged twice during a restaurant visit. i would like to get my money back.",transaction_charged_twice,38
why is the exchange rate wrong when i purchase something abroad?,card_payment_wrong_exchange_rate,10
i have forgotten my passcode,passcode_forgotten,25
i didn't get the right amount of cash because of the exchange rate.,wrong_exchange_rate_for_cash_withdrawal,44
the transfer i just made needs to be cancelled right now. it was my mistake. please help me cancel it before it goes through!,cancel_transfer,5
how do i order my card?,order_physical_card,24
my product was faulty.,request_refund,30
are cards available in the eu?,country_support,14
how long the card validity,card_not_working,9
how do i cancel a previous purchase,request_refund,30
there are transactions that i don't recognize. what do i do if i think someone is using my card?,compromised_card,13
someone must have found my card details as i don't recognize these transactions.,compromised_card,13
some cash was missing at atm.,wrong_amount_of_cash_received,43
how old do my kids need to be to open an account?,age_limit,1
am i able to get a refund for a purchase?,request_refund,30
"hello, is there any way to double check my card? i have never had issues with withdraws in the past, but this morning on the way to work it was unexpectedly declined.",declined_cash_withdrawal,16
"i was charge a fee for my transfer, why?",transfer_fee_charged,39
how can i verify my source of funds?,verify_source_of_funds,42
how long will this card payment stay pending?,pending_card_payment,26
"please cancel my most recent transfer, it was a mistake. this is an emergency. it needs to be canceled before it goes through.",cancel_transfer,5
"i got some cash of an atm earlier but this shows up as pending in the app. how can this be still pending, i've got the cash already?",pending_cash_withdrawal,27
can you transfer money to your card by bank transfer?,transfer_into_account,40
"in my statement, there was an extra 1 fee",extra_charge_on_statement,20
how do i get an actual card?,order_physical_card,24
what happens with the duplicate charge in my account?,transaction_charged_twice,38
"this company is bad, please delete my account.",terminate_account,32
"i need your help to get a refund for an item i just bought, can you cancel the payment since what i bought hasn't arrived yet.",request_refund,30
"i can't freeze my account as i need the card as i am traveling, how do i change my pin?",change_pin,12
i thought i would have received my new card at this point.,card_arrival,7
"i want to transfer money into my account, what do i do?",transfer_into_account,40
how much does it cost to get a new card? mine is almost expired. how fast does it come?,card_about_to_expire,6
are there any top-up limits?,top_up_limits,35
i can't recall my password.,passcode_forgotten,25
my billing address changed and i need to update my information.,edit_personal_details,18
want a new card what are the fees,card_about_to_expire,6
i'm really stuck. i don't know why but my card payment has not gone through.,declined_card_payment,15
i have to make more then a few disposable cards per day.,disposable_card_limits,17
looking at my account i've noticed a charge that appears to still be in progress. i had attempted to get money out of the machine earlier but the machine seemed to have been broken. i never received my money so will you please look into this for me? i don't want to be charged for money i never actually received.,pending_cash_withdrawal,27
my card doesn't accept any transaction at all. what's wrong??,card_not_working,9
how can i change my name in my profile?,edit_personal_details,18
i need it delivered on a certain date.,card_delivery_estimate,8
how many top-ups am i allowed to do?,top_up_limits,35
how can i change my pin even though i'm out of the country in austria at the moment?,change_pin,12
can i be given a new passcode?,passcode_forgotten,25
what is the charge for a physical card?,order_physical_card,24
i need to change a transfer.,cancel_transfer,5
a transaction is repeated several times on my account.,transaction_charged_twice,38
is there a way yo change my pin?,change_pin,12
can you tell me why a refund i'm owed is not showing on my statement?,Refund_not_showing_up,0
i need a transaction reversed from my account.,transaction_charged_twice,38
do i have to go to an actual bank to change my pin?,change_pin,12
"i had a problem with my card payment, can you help?",declined_card_payment,15
i didn't enjoy my tutor session and want a refund back. how do i go about doing this?,request_refund,30
i did not get enough cash,wrong_amount_of_cash_received,43
what are the maximum amount you can do for auto top-up?,automatic_top_up,3
could i chose the date to have it delivered?,card_delivery_estimate,8
how many top-ups can be approved?,top_up_limits,35
i noticed a duplicate charge on my statement.,transaction_charged_twice,38
"good day, in reviewing my credit card activity over the last several days, i see a repeated charge for a restaurant that i went to. the charge was put through twice, so i would like one of the charges corrected and the amount that was withdrawn to be reinstated please.",transaction_charged_twice,38
i got my american express in apple bay but top up is not working,apple_pay_or_google_pay,2
what is source of my money,verify_source_of_funds,42
how can i track my card's delivery?,card_arrival,7
am i able to have a card sent to china?,card_about_to_expire,6
"i tried to top up using my card, but now the money just disappeared!",topping_up_by_card,37
where did my top-up go? i can't find it in my wallet,topping_up_by_card,37
if i order a card when does it arrive?,card_delivery_estimate,8
i don't understand why there is an extra 1 fee in my statement.,extra_charge_on_statement,20
i am unaware of what my password is.,passcode_forgotten,25
why did i get less cash than what i asked in the atm?,wrong_amount_of_cash_received,43
"can you point me in the right direction of where to go to roder a disposable virtual card, i can't seem to find it.",get_disposable_virtual_card,22
i am entering my passcode but getting an error.,passcode_forgotten,25
how can i deposit money to my account?,transfer_into_account,40
what are the steps to reset my passcode?,passcode_forgotten,25
what is the delivery time to the us?,card_delivery_estimate,8
"i did what you told me earlier and contacted the seller for a refund directly, but nothing is happening! it's been a week and i still haven't got anything. please just give me back my money",Refund_not_showing_up,0
i know i have enough funds in my account but my card payment hasn't worked for some reason. what do i do?,declined_card_payment,15
why was i declined at the atm today when i was trying to make a withdraw?,declined_cash_withdrawal,16
please provide details on how to top up my account using transfer option,transfer_into_account,40
i need to update my info.,edit_personal_details,18
please help. the card won't work.,card_not_working,9
i need a refund?,request_refund,30
my card payment has had the status of pending forever. what is the issue? it should have gone through at some point.,pending_card_payment,26
my statement contained a one pound extra fee,extra_charge_on_statement,20
my card is about to expire. how do i get a new card?,card_about_to_expire,6
how do i get refills to my card when i'm traveling?,automatic_top_up,3
"i normally don't use atms, but i was in a rush today and had to withdraw some cash. the atm gave me the wrong amount of money and now my app is not showing the same amount as it should. what do i do?",wrong_amount_of_cash_received,43
i a having trouble proving my identity,unable_to_verify_identity,41
i need some help figuring out what this strange payment is on my account. it's stays pending and won't go away.,extra_charge_on_statement,20
can i possibly change my currency to another?,exchange_via_app,19
i would like to delete my account please.,terminate_account,32
"i need to add more funds to my card today because it keeps being declined, and i need to use it immediately. can you fix this or tell me alternatives?",top_up_failed,34
i withdraw money abroad but i didn't get the right amount.,wrong_exchange_rate_for_cash_withdrawal,44
i think my top-up has failed.,top_up_failed,34
whats the limit on my top up,top_up_limits,35
i haven't received my card and am worried it is lost.,card_arrival,7
how can i get money in my home currency while i'm traveling internationally? i wanted to take it out of a local atm but am worried that i will get charged extra fees.,wrong_exchange_rate_for_cash_withdrawal,44
what is the solution of this problem,card_arrival,7
how can i check the source of my fund?,verify_source_of_funds,42
i want to change my personal details.,edit_personal_details,18
how can i change my name because i just got married?,edit_personal_details,18
why is there a cash withdrawal i didn't make?,cash_withdrawal_not_recognised,11
how do i go about getting an actual card?,order_physical_card,24
where can i get my card at?,order_physical_card,24
"money was taken out without my consent,",cash_withdrawal_not_recognised,11
i was charged an extra pound.,extra_charge_on_statement,20
why is the exchange rate on my card payment different than i expected?,card_payment_wrong_exchange_rate,10
i don't know what a pending payment is.,pending_card_payment,26
can my friends top up my account?,topping_up_by_card,37
how would i use a disposable card?,get_disposable_virtual_card,22
can you tell me my code to get into the app?,passcode_forgotten,25
are there limitations to what currency i can hold?,fiat_currency_support,21
there is a payment that i was charged two times for.,transaction_charged_twice,38
can am i able to exchange currencies?,exchange_via_app,19
how do i make an exchange from one currency to another?,exchange_via_app,19
"i would like to track a card sent to me, how do i do that?",card_arrival,7
my purchase used the wrong exchange rate,card_payment_wrong_exchange_rate,10
top up cancellation,top_up_reverted,36
"i wanted to transfer money to another account, but now i don't have to so i'd like to cancel said transfer. how can i do that?",cancel_transfer,5
i recently got charged twice from a restaurant that i was at this week and i would like for one of those payments to be removed from my account.,transaction_charged_twice,38
what steps do i need to do to delete my account?,terminate_account,32
can i have my account add money automatically in certain intervals?,automatic_top_up,3
are multiple currencies acceptable?,fiat_currency_support,21
what is my card pin,get_physical_card,23
i forgot my password to get into the app!,passcode_forgotten,25
how can i find the source for my available funds and money?,verify_source_of_funds,42
can i use a bank transfer to add money to my account?,transfer_into_account,40
is it possible to top-up with google pay.,apple_pay_or_google_pay,2
what payment methods are used to top up?,supported_cards_and_currencies,31
do i need to go to a physical bank to change my pin?,change_pin,12
i really was trying to complete this exhange. i was trying to purchase some crypto but the app won't allow me to do it. can you tell me what's going on here?,beneficiary_not_allowed,4
how do i deposit through bank transfer?,transfer_into_account,40
what fees are charged for a physical card?,order_physical_card,24
what is the limit to a top-up?,top_up_limits,35
can i have money of different country of origin.,fiat_currency_support,21
does the exchange rate change each day for purchases? there is a different rate on my purchase.,card_payment_wrong_exchange_rate,10
why won't my card accept any transactions?,card_not_working,9
how long does it take to get my card i am in a rush,card_delivery_estimate,8
how do i go about transferring money using my credit card?,topping_up_by_card,37
i have kids and i'm curious at what age could they start to use your service.,age_limit,1
i want a physical card,order_physical_card,24
i don't need to transfer anymore and i want to cancel it.,cancel_transfer,5
why was my cash withdrawal declined by the atm?,declined_cash_withdrawal,16
"i have been charged more than i should for the presents i bought when abroad, the problem seems to be the exchange rate.",card_payment_wrong_exchange_rate,10
what is the procedure for topping up with a cheque?,top_up_by_cash_or_cheque,33
i made a payment that is not yet complete.,pending_card_payment,26
there is an unauthorized cash withdrawal from my account for 500. i definitely didn't make this withdrawal. i need your help.,cash_withdrawal_not_recognised,11
"if i am not in the country and i need to change my pin, how can this be done?",change_pin,12
why can't i get cash out?,declined_cash_withdrawal,16
i am not being recognized by the app.,unable_to_verify_identity,41
i have a strange cash withdrawal in my statement,cash_withdrawal_not_recognised,11
i want to know the source of my funds.,verify_source_of_funds,42
the cash i asked for still hasn't been received,wrong_amount_of_cash_received,43
help! i forgot my pin and have been locked out of using my card.,pin_blocked,29
somebody is taking money out of my account without my approval in another town separate from me. please place a freeze on my account until i can make it to the bank.,cash_withdrawal_not_recognised,11
i can't enter my passcode.,passcode_forgotten,25
"i want to top up by card, what do you support?",supported_cards_and_currencies,31
i have moved. where can i update my details?,edit_personal_details,18
"my transaction history is looking a little off. i have been charged twice for multiple different purchases, and would like to have those duplicate charges refunded.",transaction_charged_twice,38
i requested money from the atm and it didn't give me as much as i requested.,wrong_amount_of_cash_received,43
i bought an item that i was charged a different exchange rate for.,card_payment_wrong_exchange_rate,10
can i change my pin at a cash machine?,change_pin,12
how old does my daughter need to be to have her own account?,age_limit,1
"i haven't received my card yet, how long does it normally take?",card_delivery_estimate,8
my statement has a dollar i have been charged showing up on it.,extra_charge_on_statement,20
i'm not sure why my card didn't work,declined_card_payment,15
is there an age limit for opening an account?,age_limit,1
i would like it if i could get an item refunded,request_refund,30
i made a cash withdrawal and it is still listed as a pending transaction.,pending_cash_withdrawal,27
i need a list of currencies you accept for exchange.,fiat_currency_support,21
what is the exchange rate when i get cash,wrong_exchange_rate_for_cash_withdrawal,44
i need to update my current address,edit_personal_details,18
is there an age limit to get an account?,age_limit,1
why was money taken for a transfer?,transfer_fee_charged,39
where do i go to unblock my pin?,pin_blocked,29
i made a cash withdrawal but the pending status is taking forever.,pending_cash_withdrawal,27
how do i accept exchanges to eu?,fiat_currency_support,21
i am 16 and just started working at mcdonalds can i deposit my checks at your bank?,age_limit,1
i need urgent help. i realize i sent my payment to the wrong account number. i made a typo. please cancel the transfer immediately. i cannot do anything from the app.,cancel_transfer,5
can i get a card if i live in the usa?,country_support,14
is it possible to top-up automatically?,automatic_top_up,3
"if i top up by card, what options do i have re currency and card type?",supported_cards_and_currencies,31
where will i find my card?,order_physical_card,24
for some reason my card payment hasn't worked. what can i do to look into that?,declined_card_payment,15
can i change my card pin?,change_pin,12
i want to open an account for my child.,age_limit,1
"help, i see money missing i didn't take out.",cash_withdrawal_not_recognised,11
why am i having trouble withdrawing cash?,declined_cash_withdrawal,16
why have i been charged twice?,transaction_charged_twice,38
"help, your app is showing a larger wd than i actually did earlier at an atm.",wrong_amount_of_cash_received,43
will you accept my other card?,supported_cards_and_currencies,31
i tried to used my card in a shop and the transaction was declined.,declined_card_payment,15
i am seeing and extra 1 charged to my account and wanted to know about it.,extra_charge_on_statement,20
my card is about to expire. how much does it cost to order a new one and how fast will i get it?,card_about_to_expire,6
"i need a hand here, i need to top up cash.",top_up_by_cash_or_cheque,33
where can i use a disposable card?,disposable_card_limits,17
i want to top up my account. what payment methods are supported?,supported_cards_and_currencies,31
why is top up not working for my apple pay app,apple_pay_or_google_pay,2
why isn't my transfer going through? i get a message saying it's not possible. i've had no issues in the past.,beneficiary_not_allowed,4
i'm at an atm and withdrew 30 pounds and was only given 10. what should i do?,wrong_amount_of_cash_received,43
why hasn't my id been verified?,unable_to_verify_identity,41
can you help me process a refund?,request_refund,30
i submitted a transaction but it was for the incorrect account.,cancel_transfer,5
can i change my pin online?,change_pin,12
"if i want to add funds to the account using american express, how do i do that?",supported_cards_and_currencies,31
i wish to use my american express to put funds into my account.,supported_cards_and_currencies,31
i'll send a check to top up my account,top_up_by_cash_or_cheque,33
"my american express is in my apple pay and the top up is failing, why?",apple_pay_or_google_pay,2
i need a physical card. what are the fees?,order_physical_card,24
what is this cash withdrawal on my statement?,cash_withdrawal_not_recognised,11
"for a week now, i have tried to use my card and it is still not working.",card_not_working,9
"my money is gone. i had topped up recently and saw it was there and went through, but now it's disappeared, what's going on?",top_up_reverted,36
can you convert to eur?,fiat_currency_support,21
how do i create a disposable virtual card?,get_disposable_virtual_card,22
is it possible to make several disposable cards in a day?,disposable_card_limits,17
how do i make my top up complete?,pending_top_up,28
"please help me in this, as i was unable to make any payment by my new card, it was getting declined repeatedly. i am not very happy with this incident.",declined_card_payment,15
what does it mean if my payment is pending?,pending_card_payment,26
can i change my address?,edit_personal_details,18
"i really need money from my card today, but my card is getting declined. please help!!",top_up_failed,34
i keep trying to use my card to buy some things and you keep declining it. why? i've tried multiple times to make it go through but it won't.,declined_card_payment,15
i had a decline on my card. why?,declined_card_payment,15
can you tell me how to change my pin?,change_pin,12
my top up was reverted. can you help?,top_up_reverted,36
i did not get the right amount of cash from the atm.,wrong_amount_of_cash_received,43
how is my card payment still pending?,pending_card_payment,26
i have a withdrawal waiting to go through.,pending_cash_withdrawal,27
can i auto top-up as much as i want?,automatic_top_up,3
how do i transfer money from one bank account to another?,transfer_into_account,40
there is unusual activity on my account and i believe someone took my card.,compromised_card,13
how do my friends top up my account,topping_up_by_card,37
"hello, in these holidays i have been overcharged on the amount i have withdrawn on one of your atms. i did not had any clue about the horrible charges otherwise i would not have withdrawn.",wrong_exchange_rate_for_cash_withdrawal,44
how do i set up auto top-up?,automatic_top_up,3
i happened to forget my passcode,passcode_forgotten,25
can it specifically be delivered on a certain date?,card_delivery_estimate,8
why does my top-up get cancelled?,top_up_reverted,36
why did you charge me a fee when i made a transfer?,transfer_fee_charged,39
how do i transfer cash my into my account?,transfer_into_account,40
questionable transactions on my account.,compromised_card,13
i've just moved and i need to change my details,edit_personal_details,18
"i am calling because the atm didn't give me the right amount of cash, but my app shows the actual amount i wanted to withdraw. what should i do to get my money back?",wrong_amount_of_cash_received,43
i noticed on my online statement that an atm withdrawal i made early is still pending. is this accurate?,pending_cash_withdrawal,27
is there a limit on making disposable cards?,disposable_card_limits,17
my top up isnt there yet where do i find it,topping_up_by_card,37
i need to order a new card.,order_physical_card,24
my payment was rejected,declined_card_payment,15
can you make exchanges with the eur?,fiat_currency_support,21
the exchange rate looks wrong on a holiday purchase,card_payment_wrong_exchange_rate,10
i have no more money in my account. is there a way to do a bank transfer to put money into my account?,transfer_into_account,40
i have a duplicate payment showing,transaction_charged_twice,38
"my card will expire soon, do i need to order a new one?",card_about_to_expire,6
my card hasn't arrived.,card_arrival,7
the atm didn't give me the the withdraw amount requested.,wrong_amount_of_cash_received,43
why wasn't a transfer to account approved,beneficiary_not_allowed,4
can you please explain why my beneficiary is not allowed?,beneficiary_not_allowed,4
how to exchange my currency,exchange_via_app,19
"i need to cancel my recent transfer immediately, i made a mistake there, please help quickly before it goes through",cancel_transfer,5
what fiat currencies are used for holding transactions?,fiat_currency_support,21
what should i do if i can't use my card?,card_not_working,9
"i want to top up by using a credit card, which ones do you support?",supported_cards_and_currencies,31
i requested 100 but only got 20,wrong_amount_of_cash_received,43
what is your maximum top up limit per day?,top_up_limits,35
i tried entering my pin several times incorrectly. why isn't my pin working?,pin_blocked,29
can i only top-up digitally? or could i use cash?,top_up_by_cash_or_cheque,33
where do my available funds come from?,verify_source_of_funds,42
"hello, please look into this matter urgently. as i have lost my wallet and i can see one withdrawal, now i do not want to loose more money.",cash_withdrawal_not_recognised,11
a card payment on my account is shown as pending.,pending_card_payment,26
atm refused to give me money,declined_cash_withdrawal,16
what was the cause for my card to be declined?,declined_cash_withdrawal,16
what country's money can i hold currency in?,fiat_currency_support,21
i am having difficulties to verify my identity.,unable_to_verify_identity,41
how do i cancel my card? there are charges on my account that i didn't make.,cash_withdrawal_not_recognised,11
what's the process for topping up by card?,topping_up_by_card,37
"went somewhere else, need to change details",edit_personal_details,18
explain pending transactions.,pending_cash_withdrawal,27
how do i know if i need a disposable card?,get_disposable_virtual_card,22
i am having trouble with the app recognizing me.,unable_to_verify_identity,41
can i have a card even if i am not living in the uk?,country_support,14
how do i find my pin number?,get_physical_card,23
can you find out why my credit card didn't process payment? it was declined for top up so what's the deal?,top_up_failed,34
how do i freeze my card? i think someone is using it to make a bunch of online transactions.,compromised_card,13
"on my disposable card, is there a transaction limit?",disposable_card_limits,17
how can i check the source for my funds?,verify_source_of_funds,42
is it possible to top up using a cheque?,top_up_by_cash_or_cheque,33
i entered in the wrong pin. please help me unlock my account.,pin_blocked,29
app doesnt think its me,unable_to_verify_identity,41
please cancel the transaction,cancel_transfer,5
are you okay with exchanges to eur?,fiat_currency_support,21
"hello-can you please help me get a refund from this merchant? i ordered a product and would like to return it. i have been unsuccessful in getting the merchant to return my request for the past several days. i understand it can take up to 45 days to process the dispute and issue a refund, however, if this can be expedited faster it would be very helpful to me.",request_refund,30
why did i get charged for a transfer?,transfer_fee_charged,39
when will my new card be delivered?,card_arrival,7
what credit cards are supported?,supported_cards_and_currencies,31
"my top-up does not seem to have worked, what went wrong?",top_up_failed,34
my new card keeps getting declined. i was very excited to use it for the first time today. why is this doing this?,declined_card_payment,15
how old does my daughter have to be to open an account?,age_limit,1
i can't find how to top up my account with a check. where is that?,top_up_by_cash_or_cheque,33
editing my personal details,edit_personal_details,18
"so, i see a strange fee that i've never seen before after making an online purchase from abroad. i was under the impression transfers could be made for free. i don't think this seems fair.",transfer_fee_charged,39
the conversion rate on the atm that i used with foreign currency was wrong.,wrong_exchange_rate_for_cash_withdrawal,44
i wish to be able to top up with cash.,top_up_by_cash_or_cheque,33
may i transfer a cheque into my account?,top_up_by_cash_or_cheque,33
i lost my password,passcode_forgotten,25
"if i'm not in the uk, can i still get a card?",country_support,14
how can i move money from my account at a different bank to the account i have at this bank.,transfer_into_account,40
i make payments for my place abroad using this account and since i use it so frequently i was wondering why did the fees increase suddenly rather than decreasing? i would think customers like me should receive incentives for using your service,transfer_fee_charged,39
i found the exchange rate for my cash withdrawal is wrong,wrong_exchange_rate_for_cash_withdrawal,44
which flat currencies do you support for holding and exchange?,fiat_currency_support,21
please inform me how to get a new card as mine is about to expire.,card_about_to_expire,6
what i topped up was reverted by the app.,top_up_reverted,36
do charge fees for transfers?,transfer_fee_charged,39
i didn't receive the correct exchange rate for an item that i bought.,card_payment_wrong_exchange_rate,10
there is some cash that is showing up on my app.,cash_withdrawal_not_recognised,11
how do i find out why my card won't work?,card_not_working,9
i am having trouble proving my identity.,unable_to_verify_identity,41
the app shows a withdrawal that i did not make or authorize.,cash_withdrawal_not_recognised,11
"do you hold money and if so, what currencies do you accept?",fiat_currency_support,21
"since i got married, i need to change my name.",edit_personal_details,18
i am having issues with identity verification,unable_to_verify_identity,41
is it possible to exchange currencies using the app?,exchange_via_app,19
my card stopped working,card_not_working,9
can i tell if my top off didn't work? it doesn't seem to have.,top_up_failed,34
how do i get a card if i am in the usa,country_support,14
can i auto top up multiple times?,automatic_top_up,3
can i get a description of how to use a disposable virtual card,get_disposable_virtual_card,22
why can't my beneficiary make transactions?,beneficiary_not_allowed,4
i'd like to open an account for my children. how can i do that?,age_limit,1
i want to make a currency exchange to eu.,fiat_currency_support,21
what do i do if i have forgotten my passcode?,passcode_forgotten,25
is there a reason why my card was declined when i attempted to withdraw money?,declined_cash_withdrawal,16
how would i go about getting a physical card to use in stores?,order_physical_card,24
what is this cash withdrawal i don't recognize?,cash_withdrawal_not_recognised,11
"when will i get a new card when i order it, and how much will it cost.",card_about_to_expire,6
show me where to order my card.,order_physical_card,24
what is the reason i couldn't do a transfer to a beneficiary?,beneficiary_not_allowed,4
"hi, i tried to top up my card today and it did not work. i have tried it in the past and it worked just fine but it won't do it anymore. can you help me out?",top_up_failed,34
i only have one other credit card from the us. do you accept that?,supported_cards_and_currencies,31
can i set up an auto top-up?,automatic_top_up,3
how can i add physical money to my card?,top_up_by_cash_or_cheque,33
when my card expires do you send a new card?,card_about_to_expire,6
i don't have a way to prove my identity.,unable_to_verify_identity,41
how can i transfer some money into a foreign account?,transfer_into_account,40
"i see an extra 1 charge on my statement, why is this?",extra_charge_on_statement,20
do you have any restrictions to my top-up?,top_up_limits,35
what do i do if i accidentally broke my card?,card_not_working,9
my card appears to be broken how can i fix it?,card_not_working,9
what should i do if i've tried to enter my pin too often?,pin_blocked,29
what will i be charged for a physical card?,order_physical_card,24
is it possible to get one of your cards in the european union?,country_support,14
in what increments can i top-up my card?,automatic_top_up,3
the card payment i attempted to make failed.,declined_card_payment,15
why can't my beneficiary access my account?,beneficiary_not_allowed,4
can i get a throw away card,get_disposable_virtual_card,22
"the exchange rate given to me after a purchase, was incorrect",card_payment_wrong_exchange_rate,10
you've incorrectly calculated the exchange rate for my cash withdrawal,wrong_exchange_rate_for_cash_withdrawal,44
how soon will my card arrive?,card_delivery_estimate,8
how do i order a disposable virtual card?,get_disposable_virtual_card,22
my transfer to an account failed.,beneficiary_not_allowed,4
"i might need to exchange between usd and gbp, is this possible with your app?",exchange_via_app,19
why would you decline my card?,declined_card_payment,15
i forgot my passcode. now what?,passcode_forgotten,25
how do i know where the funds come from?,verify_source_of_funds,42
can you tell me how i would go about learning where my funds came from?,verify_source_of_funds,42
i would like some help getting a refund back from a seller. it still isn't showing up on my statement and i requested this a long time ago. i'm not sure why it's not returned yet. can you assist me in getting this money back?,Refund_not_showing_up,0
i didnt get the correct exchange rate for getting cash,wrong_exchange_rate_for_cash_withdrawal,44
can you tell me if my pop-up went through?,top_up_failed,34
i would like a refund on one of your products that has been sold to me,request_refund,30
how do i add cash to my account?,top_up_by_cash_or_cheque,33
i used this account a lot during the last month to manage my payments for my new place abroad. seems that suddenly fees have increased? shouldn't you instead reward your frequent customers instead of putting an additional fee suddenly?!,transfer_fee_charged,39
can it be delivered by a specific date?,card_delivery_estimate,8
my top up didn't work.,top_up_failed,34
i did not receive the right amount of cash i requested,wrong_amount_of_cash_received,43
i'm not sure why the card payment didn't work.,declined_card_payment,15
what is the 1 fee for?,extra_charge_on_statement,20
"i would like to use the bank transfer feature, but i can't find it. can you please give me the details?",transfer_into_account,40
"in terms of holding and exchange, what fiat currencies do you use.",fiat_currency_support,21
there is not a refund in my statement.,Refund_not_showing_up,0
my identity wasn't verified,unable_to_verify_identity,41
"the transaction for the cash i pulled out of the atm earlier is pending in the app, but how if i already have the cash?",pending_cash_withdrawal,27
i just had a wedding and i want to take my spouses name.,edit_personal_details,18
how can i top up my account and which currency can i use?,supported_cards_and_currencies,31
how can i hold and exchange fiat currencies?,fiat_currency_support,21
the app declined my top up. what did i do wrong?,top_up_reverted,36
there's a possibility that my card was compromised.,compromised_card,13
what currency's can i exchange for?,exchange_via_app,19
i don't know my password,passcode_forgotten,25
is there a way to top-up when it reaches a certain balance?,automatic_top_up,3
what was the 1 fee i got,extra_charge_on_statement,20
what about a auto top-up?,automatic_top_up,3
i cannot seem to find my pin. where is it?,get_physical_card,23
i pulled cash from the atm earlier. why is it still pending if i already have the cash?,pending_cash_withdrawal,27
where do i go to change my pin?,change_pin,12
i was overcharged a pound.,extra_charge_on_statement,20
how do i go about changing my pin?,change_pin,12
how many disposable cards per person?,disposable_card_limits,17
"my payment has been declined!! what's going on, i thought everything was alright and working well?",declined_card_payment,15
i need to reset the passcode.,passcode_forgotten,25
i purchased something abroad and the incorrect exchange rate was applied.,card_payment_wrong_exchange_rate,10
is it possible to tell if my top up has reverted?,top_up_reverted,36
what is the price for a physical card?,order_physical_card,24
i only have a card from the us is that okay?,supported_cards_and_currencies,31
can i set my own top-up limit?,top_up_limits,35
top up not completed,pending_top_up,28
how come i got blocked for entering wrong pins?,pin_blocked,29
is topping up with apple pay possible?,apple_pay_or_google_pay,2
where do i request a disposable virtual card?,get_disposable_virtual_card,22
is it possible to transfer money to my credit card?,topping_up_by_card,37
reverted top up,top_up_reverted,36
"it's been more than a week since i had a return charged to my card, why hasn't it showed up?",Refund_not_showing_up,0
what should i do to top up using my apple watch?,apple_pay_or_google_pay,2
i would like to know how much i can top-up.,top_up_limits,35
my atm transaction was cancelled.,declined_cash_withdrawal,16
what cards and currencies do you support?,supported_cards_and_currencies,31
how can i know where did my funds come from?,verify_source_of_funds,42
it is extremely important that i cancel the transfer i made yesterday and put the money into a different account. is this possible?,cancel_transfer,5
"i think something is wrong with your top up. i've been waiting a little over an hour for this to go through, can you send it through for me?",pending_top_up,28
can you tell me how many currencies i can hold?,fiat_currency_support,21
"i just saw the exchange rate you use, but it's so bad that i can't believe that it's the official interbank exchange rate! is this truly the official interbank exchange rate?",card_payment_wrong_exchange_rate,10
"there are a few transaction that i don't recognize, i think someone managed to get my card details and use it.",compromised_card,13
how can i check the source of funds?,verify_source_of_funds,42
how do i see the source of my money?,verify_source_of_funds,42
i want a refund because my package has been taking too long to arrive. how do i go about doing that?,request_refund,30
i topped up but the app reverted it,top_up_reverted,36
what's the u.s. delivery time?,card_delivery_estimate,8
how can i convert currencies?,exchange_via_app,19
limits on top ups,top_up_limits,35
do you ship your cards anywhere?,order_physical_card,24
"the atm would not give me cash,why?",declined_cash_withdrawal,16
top up not available in my wallet.,topping_up_by_card,37
am i limited on the amount of disposable cards i can possess?,disposable_card_limits,17
i was the victim of someone stealing my wallet. my card is being used and it isn't me. what should i do?,cash_withdrawal_not_recognised,11
can my pin changed remotely without visiting a bank?,change_pin,12
what do i do about my expired card?,card_about_to_expire,6
when are cards shipped?,card_delivery_estimate,8
please tell me how you can stop unauthorized payments from being made on my card since on this bill i see that this has happened. there are transactions that i never made from a place i've never been to.,compromised_card,13
what steps do i do to transfer money using my credit card?,topping_up_by_card,37
help. my card is broken.,card_not_working,9
does apple watch support the topping-off of my account?,apple_pay_or_google_pay,2
my account shows up as pending after i received cash from the atm earlier. how can this be still pending? i've got the cash already.,pending_cash_withdrawal,27
can you let me know why my cash withdrawal is still pending?,pending_cash_withdrawal,27
my credit card payment has been in pending status for a super long time. i don't get it. why is it like this? when will it go through?,pending_card_payment,26
"not living in same place, need to change details",edit_personal_details,18
i have been overcharged. i just changed over russian ruble to uk pounds and it was too much. it seems something was wrong with my exchange.,card_payment_wrong_exchange_rate,10
it won't let me verify my identity.,unable_to_verify_identity,41
my credit card was just denied for top up! can you tell me why this happened and what's going on?,top_up_failed,34
"i have a disposable card, how many transactions can i make?",disposable_card_limits,17
i moved to a new city and need to change my address,edit_personal_details,18
how will i know my pin number?,get_physical_card,23
i would like to have a physical card to carry around and use. how can i get one?,order_physical_card,24
i am being charged a transfer fee aren't they free?,transfer_fee_charged,39
when will my top-up happen?,pending_top_up,28
how do i change my last name?,edit_personal_details,18
"when i tried to access my cash, i wasn't allowed!",declined_cash_withdrawal,16
will i need to order a new card since mine expires next month?,card_about_to_expire,6
what is the reason my cash withdrawal is still pending?,pending_cash_withdrawal,27
can i use any currency to add money?,supported_cards_and_currencies,31
how will i know where my funds are coming from?,verify_source_of_funds,42
can you lookup my password?,passcode_forgotten,25
"hi! a seller that i requested a refund from a long time ago has yet to send the money into my account, even though i keep checking it. can the seller be contacted by you guys to see what's going on?",Refund_not_showing_up,0
where is the refund on my statement?,Refund_not_showing_up,0
i need to find out what is the limit for top-ups.,top_up_limits,35
where do i find my pin?,get_physical_card,23
"i received the wrong color and size, can i return it?",request_refund,30
i would like to transfer money from my checking account to my savings account.,transfer_into_account,40
how can i see my source of funds?,verify_source_of_funds,42
do the disposable cards have any restrictions on them?,disposable_card_limits,17
is there a reason my payment is still pending?,pending_card_payment,26
my refund has not shown up in my account. where is it?,Refund_not_showing_up,0
in what way can i change my pin and where do i need to be?,change_pin,12
my card hasn't shown up yet.,card_arrival,7
"i was suppose to be getting a refund for something i purchased a while ago, but it still hasnt been applied to my account. when will i get my money back?",Refund_not_showing_up,0
i have no way to prove my identity.,unable_to_verify_identity,41
my card must have used my card as there are some transactions that i haven't done myself..,compromised_card,13
i would like to cancel my account.,terminate_account,32
i made a currency exchange and think i was charged more than i should of been.,card_payment_wrong_exchange_rate,10
i have some transactions on my account i did not make. can you cancel my card and prevent further use.,compromised_card,13
help! my wallet was stolen and someone is taking money out. i need this money! what can i do?,cash_withdrawal_not_recognised,11
"i received my american express in apple pay, is there a reason why top up is not working?",apple_pay_or_google_pay,2
how old do kids have to be to open an account?,age_limit,1
where can cards be delivered?,order_physical_card,24
the account transfer i was trying to do failed.,beneficiary_not_allowed,4
i am travelling and i tried to withdraw cash but didn't get what i was supposed to get.,wrong_exchange_rate_for_cash_withdrawal,44
where do i go to transfer money from one account to this one,transfer_into_account,40
"in regards to top-ups, can i do them via google pay?",apple_pay_or_google_pay,2
i didn't know there was a charge for tranferring. what is the charge?,transfer_fee_charged,39
when will i recieve my new card?,card_arrival,7
can i get a disposable virtual card?,get_disposable_virtual_card,22
tell me how to reset the passcode.,passcode_forgotten,25
my source of funds need verification.,verify_source_of_funds,42
i can't seem to be able to use my card,card_not_working,9
will i have to wait much longer for my new card to arrive?,card_arrival,7
top up with credit card,topping_up_by_card,37
i see a cash withdrawal in the app that i did not do.,cash_withdrawal_not_recognised,11
"i tried to top-up, why didn't it work?",top_up_failed,34
when should i receive my refund,Refund_not_showing_up,0
i used an atm in a foreign currency but the rate applied is wrong!,wrong_exchange_rate_for_cash_withdrawal,44
currently my card is broken.,card_not_working,9
i would like to create a disposable virtual card. how do i go about doing that?,get_disposable_virtual_card,22
delete my account please. now!,terminate_account,32
"hello, i have recently made a purchase and have decided to cancel my purchase. is there any way that you can cancel that transaction for me so i can get the money back? it's very important.",request_refund,30
should i order a new card before i freeze my original one?,compromised_card,13
can i receive my card anywhere?,order_physical_card,24
can i change from aud to gbp?,exchange_via_app,19
"soon my card will expire, how do i get a new one?",card_about_to_expire,6
where can my card be delivered?,order_physical_card,24
a withdrawal is showing that i don't recognize,cash_withdrawal_not_recognised,11
is there a limit to how much i can top up?,top_up_limits,35
will i be charged for transfers?,transfer_fee_charged,39
why does my statement show a 1 charge on my account?,extra_charge_on_statement,20
i attempted to get cash in the atm but it was not authorized,declined_cash_withdrawal,16
what do i need to do for a refund?,request_refund,30
how can i get my pin unblocked?,pin_blocked,29
i want to get an item refunded,request_refund,30
i checked the app and saw an extra cash withdrawal that i didn't authorize,cash_withdrawal_not_recognised,11
need to deposit a cheque into my account,top_up_by_cash_or_cheque,33
i am having some difficulty verifying my id.,unable_to_verify_identity,41
what do i need to see my source of money?,verify_source_of_funds,42
if i need to top up with cash where should i look?,top_up_by_cash_or_cheque,33
can i get a virtual card,get_disposable_virtual_card,22
help please! my rent payment is coming out tomorrow and i made a payment mistake yesterday! can you put in in the correct account?,cancel_transfer,5
is there extra fees for making a withdraw in a different country at a cash machine.,wrong_exchange_rate_for_cash_withdrawal,44
tell me more about getting a virtual disposable card.,get_disposable_virtual_card,22
my card was topped this morning but i can't see the funds. why didn't it complete?,pending_top_up,28
is it possible for me to top up with google pay?,apple_pay_or_google_pay,2
"i need to transfer some money, can i use my credit card?",topping_up_by_card,37
you shorted me money when i tried to make a withdrawal.,wrong_amount_of_cash_received,43
can i exchange currencies with my account?,exchange_via_app,19
how do i finalize a card payment,pending_card_payment,26
i couldn't pay with card in a shop,declined_card_payment,15
why would a cash withdrawal still be pending?,pending_cash_withdrawal,27
help! there is a cash withdrawl on the account that i didn't make!,cash_withdrawal_not_recognised,11
"according to the app, i got cash from an atm but i haven't made any transactions.",cash_withdrawal_not_recognised,11
i don't know why my card payment did not work,declined_card_payment,15
app does not recognize me,unable_to_verify_identity,41
what cash machines will let me change my pin?,change_pin,12
can you delete the account?,terminate_account,32
do i need a disposable card?,get_disposable_virtual_card,22
my foreign currency exchange has been applied incorrectly.,card_payment_wrong_exchange_rate,10
i believe my card has been compromised as there's a cash withdrawal i don't recognize.,cash_withdrawal_not_recognised,11
"i'm stuck here at your broken atm and i don't know what to do next. asked for 30 pounds, got 10. atm said i got 30. something very wrong here and i want my money now!",wrong_amount_of_cash_received,43
what is accepted in regards to cards and currencies?,supported_cards_and_currencies,31
is a tracking number available for the card that was just sent?,card_arrival,7
what's with not verifying my id?,unable_to_verify_identity,41
my card never arrived.,card_arrival,7
my app shows a money withdrawal that i did not do.,cash_withdrawal_not_recognised,11
can i let other people have access to my account in order to top up?,topping_up_by_card,37
how do i use auto top up?,automatic_top_up,3
my statement shows charges for things i never purchased. were my account details stolen?,compromised_card,13
why are there multiple transactions showing for one purchase?,transaction_charged_twice,38
how long before a check i send clears?,top_up_by_cash_or_cheque,33
i went tot the atm earlier today and didn't realize this till now but i did not get all the money i requested. i believe my account was charged for 100 but i only got 80. is there any way we can solve this problem?,wrong_amount_of_cash_received,43
it looks like my top-up was cancelled,top_up_reverted,36
when will the 1 transaction be credited to me?,extra_charge_on_statement,20
why is there a fee for the transfer i made?,transfer_fee_charged,39
trouble with my top up,top_up_failed,34
my wallet was just stolen and i see my account already has a withdrawal. can you please help me.,cash_withdrawal_not_recognised,11
the amount of exchange was not correct for the item i bought.,card_payment_wrong_exchange_rate,10
is my pin the same thing as my passcode?,get_physical_card,23
will my friend be able to top off my account?,topping_up_by_card,37
i am suppose to be getting a refund from something i purchased but it hasn't showed up in my account.,Refund_not_showing_up,0
what can i do if my card details where stolen from my car? i think they used my card to buy gas.,compromised_card,13
at what age can a person open an account?,age_limit,1
how do i top up by cheque?,top_up_by_cash_or_cheque,33
my account says a withdrawal is pending - why can't i take cash out of the atm?,pending_cash_withdrawal,27
is there a way to see where funds come from,verify_source_of_funds,42
i would like to get your card in eu. is that possible?,country_support,14
the atm cancelled a transaction on me when i was trying to get some cash out.,declined_cash_withdrawal,16
my card suddenly quit working.,card_not_working,9
can i top-up my google pay?,apple_pay_or_google_pay,2
someone might have had access to my card.,compromised_card,13
i did a transfer. what is the extra fee?,transfer_fee_charged,39
it shows that the transfer on my account wasn't allowed.,beneficiary_not_allowed,4
where can i get a card in the eu?,country_support,14
i want to take back my transaction,cancel_transfer,5
how long is the delivery to the us?,card_delivery_estimate,8
would i be able to get a refund for something i bought?,request_refund,30
"i got less than what i asked for in the atm, why?",wrong_amount_of_cash_received,43
i believe my top up has failed,top_up_failed,34
with my credit card i would like to transfer money.,topping_up_by_card,37
which flat currencies can i use from you?,fiat_currency_support,21
i need to cancel a transfer i made.,cancel_transfer,5
the app failed to verify my id.,unable_to_verify_identity,41
why has another fee been placed on my statement?,extra_charge_on_statement,20
can you explain to me why a top-up would still be pending?,pending_top_up,28
why has my top up been cancelled,top_up_reverted,36
i thought transfers were free of charge. i bought something abroad and got charged a ridiculous fee. how do i get this problem fixed.,transfer_fee_charged,39
i don't think the charges made when i had currency exchanged are right.,card_payment_wrong_exchange_rate,10
what do i do to verify my source of funds?,verify_source_of_funds,42
"someone has stolen my card. even though i have my card with me, someone just made a 500 cash withdrawal. please help as soon as possible.",cash_withdrawal_not_recognised,11
what transfer methods do you accept?,transfer_into_account,40
can you please explain how bank transfers work?,transfer_into_account,40
how do i change my pin while traveling?,change_pin,12
i think you reverted my top up.,top_up_reverted,36
where is my new card? i have been waiting a week!,card_arrival,7
i've just been married and need to update my name,edit_personal_details,18
i have a cash withdrawal that i do not recognise.,cash_withdrawal_not_recognised,11
can you unblock my pin because i put the wrong one too many times.,pin_blocked,29
i think my child used my card while i wasn't home.,compromised_card,13
"over the holiday i withdrew cash from the atm and it seems that i was severely overcharged. had i known that i would be charged those fees, i would not have used the atm!",wrong_exchange_rate_for_cash_withdrawal,44
how do i fix a reverted top up?,top_up_reverted,36
can i exchange currencies?,fiat_currency_support,21
how can i check to see if my top-up worked?,top_up_failed,34
how do i interconvert between aud and gbp?,exchange_via_app,19
am i the only one who can top-up my account?,topping_up_by_card,37
why is my cash withdrawal pending?,pending_cash_withdrawal,27
can i setup top ups in advance?,automatic_top_up,3
where can i exchange my money for eur?,fiat_currency_support,21
can i change my pin at the atm?,change_pin,12
how can i get a physical card,order_physical_card,24
i got some cash in the atm but its still pending,pending_cash_withdrawal,27
please tell me how to get a card if i reside in the us.,country_support,14
i need to get a disposable virtual card?,get_disposable_virtual_card,22
where do we mail the card?,order_physical_card,24
where do i go to change gbp?,exchange_via_app,19
how can i tell if there is a top-up limit?,top_up_limits,35
can i have multiple currencies in my account?,fiat_currency_support,21
what is this witdrawal,cash_withdrawal_not_recognised,11
why was my request for cash declined?,declined_cash_withdrawal,16
please delete my account.,terminate_account,32
my top-up failed to go through.,top_up_failed,34
help me set up a new pin?,change_pin,12
i was wrongfully charged one pound.,extra_charge_on_statement,20
i need my card now!,card_delivery_estimate,8
i need a physical card.,order_physical_card,24
"i tried to add a topup to my account but the money isn't there, anymore. did i do something wrong?",top_up_reverted,36
the top-up is broken.,pending_top_up,28
why have i been charged more than once for the same transaction?,transaction_charged_twice,38
i tried to withdraw money but i was declined!,declined_cash_withdrawal,16
why was my card charged when topping off my balance but it's not showing up in my wallet balance?,topping_up_by_card,37
can i track the card that you sent me in the mail?,card_arrival,7
why has my payment not gone through?,pending_card_payment,26
"hello, i tried to top up with my card, but it didn't work. i just got it a couple days before and it works fine. what's the deal? can you check into this?",top_up_failed,34
who should i contact if the amount of my withdrawal doesn't correspond to the amount that i tried to take out of my account?,wrong_amount_of_cash_received,43
why can't a beneficiary receive a money transfer from me?,beneficiary_not_allowed,4
can i use this app for both usd and gbp?,exchange_via_app,19
if i need gbp instead of aud what do i do?,exchange_via_app,19
why isn't my refund showing up?,Refund_not_showing_up,0
how do i get rid of my account asap?,terminate_account,32
why do you need to know where my money is coming from?,verify_source_of_funds,42
what does it mean to have a pending cash withdrawal?,pending_cash_withdrawal,27
is it free to transfer money or is there a fee?,transfer_fee_charged,39
can i get my card expedited?,card_delivery_estimate,8
my card was not accepted in a shop,declined_card_payment,15
my card is about to expire. how do i order another?,card_about_to_expire,6
the card payment is declined. please inform me why.,declined_card_payment,15
why is my top-up still pending?,pending_top_up,28
where are cards available to order?,order_physical_card,24
can i change my pin without going to a bank branch?,change_pin,12
what is the youngest someone can be to open an account?,age_limit,1
i did not make a cash withdrawal that is on my statement,cash_withdrawal_not_recognised,11
can you accept my other card from the u.s.? it is the only other one i have.,supported_cards_and_currencies,31
can top ups be done from an apple watch.,apple_pay_or_google_pay,2
can i cash deposit to top up my account,top_up_by_cash_or_cheque,33
what do i need to do to transfer money into my account?,transfer_into_account,40
what kind of cards are supported? what currency?,supported_cards_and_currencies,31
why can i not take out cash?,declined_cash_withdrawal,16
"my card expires soon, will you send me one automatically?",card_about_to_expire,6
need a new passcode.,passcode_forgotten,25
can i request a physical card?,order_physical_card,24
why do i see a random withdrawal in my app?,cash_withdrawal_not_recognised,11
i think the exchange rate is wrong for my atm withdrawal,wrong_exchange_rate_for_cash_withdrawal,44
i cannot tell what my top up currently is.,topping_up_by_card,37
how can i transfer money from american express card,supported_cards_and_currencies,31
can i change my pin remotely?,change_pin,12
is there a limit to how high i can top-up?,top_up_limits,35
where is my card pin?,get_physical_card,23
is there a limit on how much i can top up?,top_up_limits,35
i topped up about half an hour ago and the charge is still pending. i'm a new customer and today is my first time doing this. can you fix it? it doesn't seem to be working.,pending_top_up,28
what are then rules on beneficiaries?,beneficiary_not_allowed,4
do you have a problem with eur exchanges?,fiat_currency_support,21
when i topped up the app has seemed to reverted it.,top_up_reverted,36
why couldn't i transfer to a beneficiairy?,beneficiary_not_allowed,4
how do i change my name?,edit_personal_details,18
"i want to add money to my card, what payments do you accept?",supported_cards_and_currencies,31
i want to delete my account.,terminate_account,32
i have 1 other us card. can you take that?,supported_cards_and_currencies,31
there are fraudulent charges that i didn't make on my card. can you please put in the safeguards necessary to stop this from happening anymore?,compromised_card,13
what is the most that i can top-up to a card?,top_up_limits,35
"a wd was just made on my account, but it was not me and i still have my card. what to do?",cash_withdrawal_not_recognised,11
i want to set up an auto top-up,automatic_top_up,3
why do i have an extra fee on my statement?,extra_charge_on_statement,20
can you tell me what to do to reset my passcode?,passcode_forgotten,25
i urgently need to top-up my card but its getting declined. please help me in this or advise with other options if any.,top_up_failed,34
can i convert money into different currencies?,exchange_via_app,19
"there are incorrect charges on my account, there was a wd that was made by someone else. i still have my card though.",cash_withdrawal_not_recognised,11
why have you declined my card payment?,declined_card_payment,15
i can't input my pin again.,pin_blocked,29
i want to request a physical card,order_physical_card,24
am i able to top up with apply pay?,apple_pay_or_google_pay,2
why hasn't my refund appeared on my statement?,Refund_not_showing_up,0
do you offer services for children to have money saving experience?,age_limit,1
i need to cancel a transaction immediately.,cancel_transfer,5
can someone assist me with the details explaining which fiat currencies that you support?,fiat_currency_support,21
why can i not do a transfer to a beneficiary?,beneficiary_not_allowed,4
my card payment has been stuck on pending. what is the problem? it should have gone through by now.,pending_card_payment,26
can you please advise if there is something wrong with my card? i have had multiple rejections and do not know the reason. thanks!,declined_card_payment,15
i tryed to make a top-up with cryptocurrency but the payment was referted.,top_up_reverted,36
how long will it take to have my card mailed to me?,card_delivery_estimate,8
i think the exchange rate for the cash i withdrew was wrong.,wrong_exchange_rate_for_cash_withdrawal,44
why did i get charged a fee for my transfer?,transfer_fee_charged,39
is there any limit to the amount i can add to a card at a time?,top_up_limits,35
is it possible to exchange usd and gbp on the app?,exchange_via_app,19
i was made to pay an additional pound!,extra_charge_on_statement,20
my new card isn't here and it was issued a week ago.,card_arrival,7
how do i cancel a recent transfer?,cancel_transfer,5
why would my top up be cancelled?,top_up_reverted,36
someone is using my account to do online shopping! please freeze it asap,compromised_card,13
where can i see where my funds came from?,verify_source_of_funds,42
i want my account deleted!,terminate_account,32
what can i do to make my physical card work?,card_not_working,9
why is my beneficiary not allowed?,beneficiary_not_allowed,4
"i am having a slight problem with my american express in apple play, can you help me fix the problem with top up?",apple_pay_or_google_pay,2
is apple pay a top up service?,apple_pay_or_google_pay,2
can i unblock my card using the app?,pin_blocked,29
are there any restrictions for the disposable cards?,disposable_card_limits,17
how do i reset my passcode?,passcode_forgotten,25
there's an error in regards to the exchange rate for an item i bought.,card_payment_wrong_exchange_rate,10
i refilled my account balance but got an error message.,top_up_reverted,36
can you tell me what the disposable cards are used for?,get_disposable_virtual_card,22
"give me back my money, i'm not paying the sellers. it has been a long time ago that i made an order and it just isn't coming.",request_refund,30
do you know why my card payment has been declined?,declined_card_payment,15
can you tell me where can change my pin?,change_pin,12
why does my statement show various transaction times?,transaction_charged_twice,38
there is a fee i don't recognize on my statement.,extra_charge_on_statement,20
i want to know why my top-up was reverted,top_up_reverted,36
i believe my top up was reverted.,top_up_reverted,36
"i am seeing unathorized transactions in the app, on my account.",cash_withdrawal_not_recognised,11
i would like to get an account for my child.,age_limit,1
"i don't know what my passcode is, can you help?",passcode_forgotten,25
top up keeps failing,top_up_failed,34
what's the process for topping up my card?,topping_up_by_card,37
which countries are represented?,country_support,14
i bought some things this morning but the payment shows that it is pending,pending_card_payment,26
i am having trouble verifying my id.,unable_to_verify_identity,41
the app won't let me top up my account,top_up_failed,34
how do i troubleshoot google pay top up?,apple_pay_or_google_pay,2
a wrong amount of cash we sent to me.,wrong_amount_of_cash_received,43
do you have a list of cards and currencies you support?,supported_cards_and_currencies,31
"my card is still pending, i've been waiting a while.",pending_card_payment,26
is there a way to see my money's source?,verify_source_of_funds,42
what are the policies of disposable cards?,disposable_card_limits,17
i have been trying unsuccessfully to top-up my card. is the system down or not working properly?,top_up_failed,34
what's the earliest time to receive my card?,card_delivery_estimate,8
my card won't work.,card_not_working,9
why am i not able to verify my id?,unable_to_verify_identity,41
my transfer failed to a beneficiary,beneficiary_not_allowed,4
is it possible to get a refund?,request_refund,30
my account is devoid of funds. am i permitted to submit additional money via bank transfer?,transfer_into_account,40
i want to terminate my account,terminate_account,32
why can't i top up with a cheque?,top_up_by_cash_or_cheque,33
why wouldn't the atm give me my money?,declined_cash_withdrawal,16
what happens if the atm gives me the wrong amount of money?,wrong_amount_of_cash_received,43
i was unable to transfer money to a beneficiary.,beneficiary_not_allowed,4
i attempted to enter my pin to many times.,pin_blocked,29
i need to add express delivery if that's an option,card_delivery_estimate,8
is there a way for me to check my balance?,verify_source_of_funds,42
i have a top up that didn't go through. why?,top_up_failed,34
i did not have the right exchange rate applied to my situation of pulling out cash,wrong_exchange_rate_for_cash_withdrawal,44
how do i cancel a purchase?,request_refund,30
what is this withdrawal as i do not remember making it.,cash_withdrawal_not_recognised,11
it doesn't let me verify my identity.,unable_to_verify_identity,41
i think i was double charged,transaction_charged_twice,38
how to get card pin?,get_physical_card,23
how do i report fraud on my card?,compromised_card,13
is there a way i can get my card expedited?,card_arrival,7
how do i delete my account?,terminate_account,32
i was supposed to get a purchase refunded but i don't see the money in my account,Refund_not_showing_up,0
why is my top up for my new account not instant,pending_top_up,28
are eur exchanges allowed?,fiat_currency_support,21
"when i topped up, the app reverted my funds.",top_up_reverted,36
my exchange rate is wrong when i get cash.,wrong_exchange_rate_for_cash_withdrawal,44
how can i change my account details?,edit_personal_details,18
what are disposable cards?,get_disposable_virtual_card,22
"my card is expiring, how do i get a new one?",card_about_to_expire,6
it seems that something went wrong with my exchange. i changed russian ruble into uk pounds but have been charged entirely too much!,card_payment_wrong_exchange_rate,10
the correct exchange rate wasn't given to me for an item i purchased.,card_payment_wrong_exchange_rate,10
what are the disposable cards for?,get_disposable_virtual_card,22
"i'm having an issue with transaction. i topped up my account and saw it went through, but that was a few days ago and the money isn't in my account any more. what's up with that?",top_up_reverted,36
am i allowed to change my pin anywhere?,change_pin,12
i got my card a few days ago but am unable to top up. i'm thinking about closing my account because of this. what is going on?,top_up_failed,34
my product hasn't arrived even though i ordered it a while ago. i want a refund!,request_refund,30
i tried withdrawing but my cash is not showing up?,wrong_amount_of_cash_received,43
do i have to pay for a physical card?,order_physical_card,24
my top up is not working in apple pay.,apple_pay_or_google_pay,2
can you look to make sure the exchange rate is correct,wrong_exchange_rate_for_cash_withdrawal,44
help! my card isn't working at the atm and i know i used the right pin. trying to get my money.,declined_cash_withdrawal,16
what is this extra fee while i was doing a transfer?,transfer_fee_charged,39
am i able to track a card that has already been sent?,card_arrival,7
i'm dissatisfied with the service and would like to terminate the account.,terminate_account,32
why doesn't a return show up im my account from a purchase i made?,Refund_not_showing_up,0
my card did not go through in a shop,declined_card_payment,15
how can i top up my card with another card?,supported_cards_and_currencies,31
my address details have changed and i want to update them,edit_personal_details,18
i got cash abroad and need to check the exchange rate,wrong_exchange_rate_for_cash_withdrawal,44
where is my pin?,get_physical_card,23
my card arrived but i don't know how to get my pin.,get_physical_card,23
how do i take a block off my card?,pin_blocked,29
i have a trip coming up and want to add money automatically.,automatic_top_up,3
how do i send my account money through transfer?,transfer_into_account,40
what are your supported countries?,country_support,14
what do i do to get a physical card?,order_physical_card,24
i sees some suspicious spending on my credit card that i don't recall i had made. what should i do?,compromised_card,13
my card was not in the mail again can you advise?,card_delivery_estimate,8
"i logged in wrong and am blocked, how do i log in?",pin_blocked,29
where can i change my personal information after i move?,edit_personal_details,18
why was my transfer charged fees?,transfer_fee_charged,39
how long does shipping take to get to a us destination?,card_delivery_estimate,8
where am i able to get my pin unblocked?,pin_blocked,29
did you revert my top up?,top_up_reverted,36
i need to close my account. your company is terrible!,terminate_account,32
when i tried to pay in a store my card din't work,declined_card_payment,15
i think someone may be using my card.,compromised_card,13
how can i verify if a cash withdrawal was made from my account? i still have my card with me but i did not authorize the withdrawal that just occurred.,cash_withdrawal_not_recognised,11
i am not able to verify my id. why?,unable_to_verify_identity,41
please help me to know the status of my card payment as its pending since a while.,pending_card_payment,26
can i deposit a check?,top_up_by_cash_or_cheque,33
"i've used my account frequently over the last month to manage my payments from abroad for my new place. i noticed that my fees have suddenly increased. as a frequent customer, shouldn't i be rewarded rather than suddenly being subject to a new fee?",transfer_fee_charged,39
seems like my top-up has been cancelled,top_up_reverted,36
where in the app can i find out about my new pin,get_physical_card,23
how do i exchange currencies using the app?,exchange_via_app,19
may i choose when it's delivered?,card_delivery_estimate,8
i am highly unsatisfied with this company and want to delete my account!,terminate_account,32
i have friends that would like to top-up my account is that possible?,topping_up_by_card,37
why is my card payment pending?,pending_card_payment,26
"i received a refund, however i cannot see it in my account",Refund_not_showing_up,0
i didn't get a pin yet. what gives?,get_physical_card,23
how do i use the top up app with my apple watch?,apple_pay_or_google_pay,2
do you happen to do exchanges of eur?,fiat_currency_support,21
my refund is not showing.,Refund_not_showing_up,0
help me find my card pin!,get_physical_card,23
"my pin is unlocked, what do i do?",pin_blocked,29
how can i get disposable virtual cards?,get_disposable_virtual_card,22
could you send me and up date on the arrival of my card?,card_arrival,7
"i have received my american express in apple play, looks like top up has an issue, please help?",apple_pay_or_google_pay,2
i would really like a physical card.,order_physical_card,24
when my card expires what happens to my account?,card_about_to_expire,6
will you reinstate my pin?,pin_blocked,29
cancel my account,terminate_account,32
can i unblock my pin in the app?,pin_blocked,29
has my top-up has been cancelled,top_up_reverted,36
what is the appropriate age for my child to be able to open an account?,age_limit,1
when will my card be delivered?,card_delivery_estimate,8
"i've use my accounts all the time to manage my payments for my place abroad that i just got. i now see that i suddenly have new fees.i'm a frequent customer, so why are you charging me new fees instead of rewarding me?",transfer_fee_charged,39
i'm unhappy with the exchange rate your cash transactions.,wrong_exchange_rate_for_cash_withdrawal,44
"i needed cash today, so i used another provider's atm, and when i attempted to withdraw, it declined. i just checked it out and i'm still showing my account with that amount pending! i didn't take any money out, it was declined, so i don't want that to be processed as a withdrawal.",pending_cash_withdrawal,27
my card won't work right now.,card_not_working,9
where does all this money come from though?,verify_source_of_funds,42
i entered the wrong pin too many times and now i am blocked. help me unblock!,pin_blocked,29
when will i have access to my pin number?,get_physical_card,23
there is a withdrawal waiting.,pending_cash_withdrawal,27
my top-up was rejected by an app.,top_up_failed,34
i can't add any more money.,top_up_failed,34
"i'm not happy, i want to close my account.",terminate_account,32
i want to delete my account. how do i do this?,terminate_account,32
can i top up an apple pay?,apple_pay_or_google_pay,2
asked for 100 but only got 20. why would this happen?,wrong_amount_of_cash_received,43
why isn't my beneficiary allowed?,beneficiary_not_allowed,4
please let me know what currency i can use to top up my account?,supported_cards_and_currencies,31
how do i use a cheque to top up?,top_up_by_cash_or_cheque,33
"hello, i am facing the issue with my new card as payments are declining again and again. please help me in this issue.",declined_card_payment,15
i have a card payment that has been pending for some time and would like to know when it is going to go through.,pending_card_payment,26
i'm in china and need a new card. please help.,card_about_to_expire,6
will my friends be able to top up my account?,topping_up_by_card,37
how old does my kids need to be to open an account?,age_limit,1
my account has a weird withdrawal.,cash_withdrawal_not_recognised,11
i'd like to cancel a transfer,cancel_transfer,5
i need to make my card pin a different number,change_pin,12
how long should i expect to wait for my card to arrive?,card_delivery_estimate,8
how do i do a successful transfer to an account?,beneficiary_not_allowed,4
whats the delivery time to the united states?,card_delivery_estimate,8
i couldn't pay with my card,declined_card_payment,15
"i traded some of my money from my native country into an atm to exchange for foreign currency, and the money i received was a different equating amount!",wrong_exchange_rate_for_cash_withdrawal,44
i want to transfer money with my credit card.,topping_up_by_card,37
how can many disposable cards can i have per day?,disposable_card_limits,17
how do i use american express to top up my account?,supported_cards_and_currencies,31
i was given the wrong exchange rate when getting cash,wrong_exchange_rate_for_cash_withdrawal,44
"my pin was blocked, how do i make it so i can use it?",pin_blocked,29
how come there is a 1 extra charge on my statement?,extra_charge_on_statement,20
i will need a new card because mine is almost expired. how fast do i get a replacement and what is the cost?,card_about_to_expire,6
can you explain the transfer fee that i was charged?,transfer_fee_charged,39
where should i look for my pin number at?,get_physical_card,23
can i write a cheque to top up?,top_up_by_cash_or_cheque,33
i think someone is using my card without my permission!,compromised_card,13
what can i pay with? does cash work?,top_up_by_cash_or_cheque,33
"i used to know my password, but not anymore.",passcode_forgotten,25
are these cards available in europe?,country_support,14
is there a transaction limit for a disposable card?,disposable_card_limits,17
what is the maximum for top-ups?,top_up_limits,35
why is the exchange rate wrong for my cash withdrawal?,wrong_exchange_rate_for_cash_withdrawal,44
can i reset my password? i don't know what it is.,passcode_forgotten,25
i no longer want to keep this account.,terminate_account,32
how can my account have money transferred into it?,transfer_into_account,40
"i asked for 40 and i only received 20, what happened?",wrong_amount_of_cash_received,43
how can disposable cards be used?,get_disposable_virtual_card,22
where can i located the auto top up function?,automatic_top_up,3
why would a cash withdrawal be pending?,pending_cash_withdrawal,27
i need a new card before it expires.,card_about_to_expire,6
can you tell me more info about virtual disposable cards?,get_disposable_virtual_card,22
how can i top up using google pay?,apple_pay_or_google_pay,2
the exchange rate on my purchase is wrong.,card_payment_wrong_exchange_rate,10
from what countries can i use an account?,country_support,14
why is the exchange rate different on my recent purchase?,card_payment_wrong_exchange_rate,10
is my card broken? i can't get cash out of the atm,declined_cash_withdrawal,16
"i'm in austria right now, but i really need to change my pin right now. can i do this even though i'm in another country?",change_pin,12
can i add money in intervals to my account? i will be traveling.,automatic_top_up,3
i was declined when i tried to take out cash!,declined_cash_withdrawal,16
i tried to withdraw money from an atm and i was declined on front of my friends. why did this happen?,declined_cash_withdrawal,16
i contacted the seller for a direct refund last week but he still hasn't give me my money. what should i do?,Refund_not_showing_up,0
"i do not remember the code, what should i do?",passcode_forgotten,25
the app is having trouble verifying my identity.,unable_to_verify_identity,41
"i purchased something abroad, and the exchange rate that was applied was wrong.",card_payment_wrong_exchange_rate,10
where do i locate topping up with cash.,top_up_by_cash_or_cheque,33
will the system automatically update once there is no more money left?,automatic_top_up,3
"if i want a friend to top off my account, can they?",topping_up_by_card,37
how do i find out my source of funds?,verify_source_of_funds,42
i think there was an error in your exchange rate.,card_payment_wrong_exchange_rate,10
will money be added automatically when necessary?,automatic_top_up,3
where do i go to update details?,edit_personal_details,18
i am not satisfied with your company and wish to delete all accounts immediately.,terminate_account,32
i seem to be having trouble with my google pay top. can you please help?,apple_pay_or_google_pay,2
can i top-up via apple pay?,apple_pay_or_google_pay,2
we want to start a college fund for my daughter.,age_limit,1
i can't see my top up in my wallet!,topping_up_by_card,37
i want a real card,order_physical_card,24
when i exchanged currencies the value of my money changed.,wrong_exchange_rate_for_cash_withdrawal,44
do you have to be 18 to make an account?,age_limit,1
i would like to exchange currency what types are there?,exchange_via_app,19
what is the max amount of disposable cards i'm allowed.,disposable_card_limits,17
there is unexpected money in my account.,cash_withdrawal_not_recognised,11
where do you need to live to receive card,order_physical_card,24
is it possible to cancel a transaction?,cancel_transfer,5
can i change my pin in austria?,change_pin,12
"i went to an atm to get cash, but the app says the withdrawal is still pending. how is that possible when i already have the cash with me?",pending_cash_withdrawal,27
is there a fee for physical cards?,order_physical_card,24
why did i get blocked?,pin_blocked,29
what's taking my top-up so long?,pending_top_up,28
there's a refund missing from my statement,Refund_not_showing_up,0
can friends i have top-up my account?,topping_up_by_card,37
how can i prove the source of my funds?,verify_source_of_funds,42
how do i go forth on transferring a sum of money from one account to another?,transfer_into_account,40
why was the exchange rate different when i withdrew my cash?,wrong_exchange_rate_for_cash_withdrawal,44
how do i exchange aud for gbp?,exchange_via_app,19
"hi need your help for getting the refund or cancel the payment of an item, i have ordered but still have not received it.",request_refund,30
do you offer additional currency options?,fiat_currency_support,21
is there any way to cancel a transfer?,cancel_transfer,5
"the wrong amount of cash came out of the atm today when i went to withdraw. when i looked at the app, it was showing it was much more.",wrong_amount_of_cash_received,43
i took out some cash from the atm but it is still showing the transaction is pending.,pending_cash_withdrawal,27
am i able to open an account for my children?,age_limit,1
"i made a transfer and according to the receiver they haven't received the right amount its lesser than it should be.now i have to transfer more money to make up for the missing amount . can you please help me about this,what should be done",transfer_fee_charged,39
are there any top-up limits involved?,top_up_limits,35
it's been some time since refilled the top-up.,pending_top_up,28
"even though i added money ey to the card, i couldn't use it",pending_top_up,28
a transaction posted twice to my account.,transaction_charged_twice,38
why did it decline my payment?,declined_card_payment,15
i would like for someone to tell me which fiat currencies that your company supports.,fiat_currency_support,21
can i make sure my card is delivered on a specific day?,card_delivery_estimate,8
is it simple to transfer money using my credit card?,topping_up_by_card,37
can i open an account for my children?,age_limit,1
"i had a duplicate card and bought something and it showed up twice. i canceled my card, how do i get my money back?",transaction_charged_twice,38
how do i change my passcode?,passcode_forgotten,25
i think i may have been charged 1 extra on my app. could you provide some insight as to why this may have happened?,extra_charge_on_statement,20
have you sent out my card yet?,card_arrival,7
the money disappeared when i tried to use my card to top up.,topping_up_by_card,37
"if i am in china, can i still order a new card and if so, how?",card_about_to_expire,6
show me how to top up,topping_up_by_card,37
i think i deserve a refunded on a certain item.,request_refund,30
what does it mean if my top-up has not gone through?,pending_top_up,28
i ordered a card and i still haven't received it. it's been two weeks. what can i do?,card_arrival,7
my card isn't working at all. what happened?,card_not_working,9
i couldn't get the money i needed.,wrong_amount_of_cash_received,43
i will be traveling. can i add money automatically?,automatic_top_up,3
why won't my card work.,card_not_working,9
why was my cash withdrawal given the wrong exchange rate?,wrong_exchange_rate_for_cash_withdrawal,44
what is this fee debit on my account?,extra_charge_on_statement,20
please check payments on my card. there is a duplicate and i only bought it once.,transaction_charged_twice,38
how do i pay by check?,top_up_by_cash_or_cheque,33
how long should i expect for the card to arrive?,card_delivery_estimate,8
what should i do once my card expires?,card_about_to_expire,6
i want to revert a transaction i did this morning,cancel_transfer,5
i would like to track the card you sent to me.,card_arrival,7
i can't verify my identity.,unable_to_verify_identity,41
"for the disposable cards, what are the restrictions?",disposable_card_limits,17
can i use app to freeze my card and dispute fraud?,compromised_card,13
do you ship cards to where i live?,order_physical_card,24
why was i charged a small amount,extra_charge_on_statement,20
how do i replace my card?,card_about_to_expire,6
did not receive correct cash upon withdrawal,wrong_amount_of_cash_received,43
how do i top up with cash?,top_up_by_cash_or_cheque,33
"i have a cheque here, can i use it to top off my account?",top_up_by_cash_or_cheque,33
do you support any currency?,fiat_currency_support,21
i can't verify my id.,unable_to_verify_identity,41
the atm keeps rejecting my payment. i tried two different atms but did not work .can you please check if everything is okay with my account?,declined_cash_withdrawal,16
what types of cards and money do you accept?,supported_cards_and_currencies,31
what's the deal? my card was just denied for top up. why is it not going through?,top_up_failed,34
what happened to my top-up? i think it was cancelled.,top_up_reverted,36
what is the max amount of top-ups?,top_up_limits,35
i want to have an item refunded can i do that?,request_refund,30
what currencies do you accept to add money?,supported_cards_and_currencies,31
there is a payment that i made that hasn't gone through yet.,pending_card_payment,26
which cards and currencies are supported?,supported_cards_and_currencies,31
how do i open up an account for my child?,age_limit,1
"hi. i just withdrew cash from an atm and received the wrong amount. however, my app shows the correct amount i withdrew. how do i get the rest of the cash?",wrong_amount_of_cash_received,43
it doesn't look like the top-up completed.,pending_top_up,28
how do i top-up my card with a cheque?,top_up_by_cash_or_cheque,33
i changed my mind on something i purchased through you and i need the transaction canceled and a refund as soon as possible. can you help me please?,request_refund,30
how long will it take for the card to arrive?,card_delivery_estimate,8
"i should only have one charge, but it shows two.",transaction_charged_twice,38
i'm not satisfied with the services that you are providing. i would like to end my services and delete my account.,terminate_account,32
"it says that my payment is pending, what does that mean?",pending_card_payment,26
i made a payment and it appears it is showing twice,transaction_charged_twice,38
how do i change my card pin?,change_pin,12
is there an age limit to open an account,age_limit,1
how much can i top up on my card?,top_up_limits,35
for some reason my card payment didn't work,declined_card_payment,15
why did my money disappear when i topped up??,top_up_reverted,36
my payment's stuck on pending.,pending_card_payment,26
i went to top up my card and it was cancelled.,top_up_reverted,36
what number of times can i top-up?,top_up_limits,35
"what, if any, is the limit for auto top-up?",automatic_top_up,3
where can i see money source?,verify_source_of_funds,42
i was just needing to know why my card got declined,declined_card_payment,15
i need help resetting my passcode to access my app.,passcode_forgotten,25
i still haven't gotten my new card. when will it get here?,card_arrival,7
is exchanging currencies a feature of the app?,exchange_via_app,19
i didn't receive the correct amount of cash,wrong_amount_of_cash_received,43
why hasn't my card arrived yet?,card_arrival,7
please terminate my account.,terminate_account,32
what systems do you have in place for my security when using my card for everyday purchases?,get_disposable_virtual_card,22
i can't get money out of the atm. is my card actually working? it's the first time i tried using it,declined_cash_withdrawal,16
